id,domain,status,purchase_price,renewal_price,attractiveness,demand,length,registrar,created_at,expires_at
0068630b-0bb9-404b-b60d-ef8e59088003,uptoanything.space,available,4.99,,52,1,14,name.com,,
00f15eb9-9048-4dd3-a12e-b5d707891666,goAWOL.space,available,32.48,,46,2,7,namecheap,,
00fcbcbb-f022-471c-ace3-b687b2819138,tabs.space,premium,1750,7000,46,19,4,namecheap,,
0175bb89-fa90-4c5c-8a62-3c93915a7f9b,squalls.space,available,4.99,,44,2,7,name.com,,
01dbf58d-2257-4d14-b768-fc1e3bb6795d,headout.space,available,4.99,,82,6,8,name.com,,
03a06e5c-0463-4607-9cc7-8ef8bb874e3c,longterm.space,resell,,,72,10,9,West263 International Limited,05/09/2025 02:30,05/09/2026 23:59
041a3cb0-2b63-4dfe-9e8a-2b559d3b9b16,travellers.space,resell,,,53,11,10,Porkbun LLC,17/07/2022 07:00,17/07/2027 23:59
047f7e42-5499-4a22-bb6e-a4d56eaddeb9,counterfeits.space,available,3.99,34.99,40,2,12,namesilo,,
04dbd262-1c7a-4e26-90f8-5ed39dd6f767,keepunder.space,available,4.99,,66,1,10,name.com,,
06399445-fe68-47c4-a330-efe2c6da7e8a,turnorburn.space,available,4.99,,56,1,12,name.com,,
0647bd04-6872-453b-94ad-99e6b43a5864,bandits.space,premium,87.5,350,40,10,7,namecheap,,
06500040-244b-4890-9320-97c60f68852c,victims.space,premium,35,140,42,5,7,namecheap,,
07530a56-7ee0-4d53-bb24-e16d6cdd128d,havenots.space,available,4.99,,60,5,9,name.com,,
08588972-5af0-4308-89a9-012f40bcca50,filetypes.space,available,3.99,34.99,46,3,9,namesilo,,
092960f0-8c14-4abc-8054-464392da7b16,BlackWallStreet.space,available,3.99,34.99,44,9,17,namesilo,,
0930b6d1-7fd7-4098-a501-e0eb42e9be6c,proxybullying.space,available,4.99,,28,1,14,name.com,,
09cdf0df-46fc-4399-a5f3-d20eccc4c077,turds.space,available,4.99,,38,3,5,name.com,,
0a84ae70-6077-4485-bac7-9c7fbda7f8d2,ingredients.space,resell,,,56,14,11,"Spaceship, Inc.",19/04/2026 08:38,19/04/2027 08:38
0bef02a1-962a-4f79-9b33-c15964dd010b,collapses.space,available,3.99,34.99,38,1,9,namesilo,,
0c2e5ea7-1ced-478a-8639-c3bc560aaa08,gettingeven.space,available,4.99,,48,1,12,name.com,,
0d1684b9-d026-49af-aa6b-00b6a7dc0efd,gototherestroom.space,available,4.99,,56,1,18,name.com,,
0dbc863f-3056-43f8-bbec-4c386faac366,alcoholintoxication.space,available,4.99,,48,1,20,name.com,,
0ebd1be1-12ff-46ec-9591-7e661b9cd88c,gorogue.space,available,4.99,,64,4,8,name.com,,
0f85f54f-5ddc-444f-807d-b3501a58bfdb,costcutting.space,available,4.99,,64,3,12,name.com,,
101c289e-cba2-4b01-80bb-6b85d33ba1d8,sameoldstuff.space,available,4.99,,34,1,14,name.com,,
10349067-4cf3-4904-af98-f2b322b40433,childrapist.space,available,4.99,,38,1,12,name.com,,
10a53b31-3bf0-471f-a28f-1c2cb59b715c,nuclei.space,premium,35,140,44,7,6,namecheap,,
11d39550-16f7-4189-b5fa-bc2c09b9e8ec,somuchfor.space,available,4.99,,46,0,11,name.com,,
12072817-090f-4b96-b6fa-b76f0dbb423f,disappointment.space,premium,35,140,50,4,14,namecheap,,
121ab29a-5871-4968-ae37-a0e32a93d778,kitchensink.space,available,4.99,,68,6,12,name.com,,
1276babf-dd4b-4dee-8af3-3c508a4b5c43,fundamentals.space,premium,175,700,74,15,12,namecheap,,
14459d0e-299a-48ee-b7b2-2720ba5c9f11,sexualassault.space,available,4.99,,43,3,14,name.com,,
14e17caa-be8a-46dd-82d8-ee963f6f4c52,proxybattle.space,available,4.99,,44,1,12,name.com,,
15695068-047e-4588-bed2-ad04bf1ee5aa,paperingover.space,available,4.99,,53,1,13,name.com,,
1760822c-7c1b-4d95-8af2-ddd1060da7fe,conflicts.space,premium,87.5,350,66,5,9,namecheap,,
178b6945-b4e8-4ae8-99c4-ccb1c30ae0b7,goingbad.space,available,3.99,34.99,46,1,9,namesilo,,
1846ec8a-5b33-456c-ba37-8616b417422c,sticks.space,premium,87.5,350,60,11,6,namecheap,,
18ef51a1-4549-43e1-931b-053c6936646e,onfire.space,resell,,,50,12,7,West263 International Limited,11/08/2025 02:37,11/08/2026 23:59
1aa1cae0-2273-48de-b2a3-fef6a5dee825,oppositions.space,available,3.99,34.99,48,2,11,namesilo,,
1af0efa2-99d8-4a5a-a355-5e58eb7293bd,sellthrough.space,available,4.99,,64,2,12,name.com,,
1b5b166e-1908-4db8-8b9e-59b6ae6d7cbe,stuffyou.space,available,4.99,,44,1,9,name.com,,
1c071c9e-4276-4c59-a308-b23fe1a953cf,childsextourism.space,available,3.99,34.99,30,1,17,namesilo,,
1ce60137-2dd2-411e-a369-0eabb5632d26,officecleaner.space,available,4.99,,41,1,14,name.com,,
1e39f0ab-e549-4471-9ca1-e6edf5072bed,runs.space,available,4.99,,68,12,4,name.com,,
20b6bb03-0cba-4d10-939a-1b90846790d3,alcoholaddiction.space,available,4.99,,50,3,17,name.com,,
2144f596-2489-476a-9a9f-89a0f117fee2,woes.space,premium,175,700,46,4,4,namecheap,,
23e33c24-c08d-47ce-99fa-44b0ec229352,wastes.space,premium,175,700,50,4,6,namecheap,,
23f2eca6-b109-4b5b-822e-fbe64f960564,somuchso.space,available,4.99,,50,1,10,name.com,,
267cb4e7-6c5f-480a-b001-bb2c6bb6daf3,happier.space,premium,875,3500,62,16,7,namecheap,,
2771918c-7993-40aa-b6d9-5bda25f13cd7,Googler.space,available,32.48,,80,6,7,namecheap,,
27bb3b34-1a75-439c-96be-b48b01ecc539,smashandgrab.space,available,4.99,,48,2,14,name.com,,
2990997c-9e73-4da9-9721-83f23b0c6682,filetype.space,available,4.99,,64,3,9,name.com,,
29ccc072-cbc7-4f95-8423-1a1a1bc93986,thickskinned.space,available,4.99,,52,1,13,name.com,,
2a86b707-93ab-4ccb-a093-71e3fa208034,indanger.space,available,4.99,,60,1,9,name.com,,
2b781419-c390-4c30-abf5-064d1a89cabe,skulls.space,premium,35,140,44,8,6,namecheap,,
2b7e535b-3516-4ca2-b4d2-6df0fc5dc51c,childmarriage.space,available,4.99,,48,2,14,name.com,,
2ba7b55c-8e4b-47a2-8960-0ac7f43a4ee3,mistakes.space,premium,35,140,52,7,8,namecheap,,
2be7c608-da94-4056-840d-82d4f8ebe6b6,hangbyathread.space,available,4.99,,56,1,16,name.com,,
2cb2cbad-7cdd-4c43-8e10-84db45474fa1,gonowherefast.space,available,4.99,,50,1,15,name.com,,
2d151044-5c34-4c19-be4d-b62f8eb97e27,flashfloods.space,available,3.99,34.99,42,1,12,namesilo,,
2d2c044f-51bc-4012-bfd2-e8935d5cce1a,poreover.space,available,4.99,,62,1,9,name.com,,
2dd5b062-9acd-4c33-82ff-78539fc0036b,deaths.space,premium,175,700,50,6,6,namecheap,,
2dd62b15-a4d9-4c4f-bad5-a87668a5cb6f,proxyfight.space,available,4.99,,44,1,11,name.com,,
2ea365e0-3f58-47a5-9773-37e407b98254,bebothered.space,available,4.99,,63,1,11,name.com,,
2ea77556-8f46-4ee1-9066-33e3551b51bf,recessions.space,available,3.99,34.99,46,2,10,namesilo,,
308ec576-951a-4ac7-9f43-2a59cdc23cdc,beridof.space,available,4.99,,46,1,9,name.com,,
30984169-2afb-40ce-8658-2dff4f7b847d,structurally.space,available,4.99,,48,3,12,name.com,,
31122688-94c5-4cc1-87c4-7a5c11856490,takeanap.space,available,4.99,,73,2,10,name.com,,
32780342-47b6-4ff7-9b98-cc54f1008180,segregation.space,available,4.99,,62,2,11,name.com,,
3299178d-ec62-49e2-b48a-3c37e303364a,patientcare.space,available,4.99,,79,8,11,name.com,,
338ac78f-4812-4095-a381-4a5249a06885,floodwaters.space,available,3.99,34.99,56,2,11,namesilo,,
37fa5b7b-9f7e-4b71-93cc-88962b35aab6,alcoholproblem.space,available,4.99,,30,1,15,name.com,,
385d641d-9081-4705-8f70-34901e031984,blewup.space,available,3.99,34.99,44,1,7,namesilo,,
3aa151c4-6266-4a26-bea7-6ca1dc7f05fc,goberserk.space,available,4.99,,68,1,10,name.com,,
3acc0b09-58a3-4cfc-8a66-7bb1660213fc,sidewindow.space,available,4.99,,44,1,11,name.com,,
3b0893e4-2784-44d8-9f50-beb5ed040b20,demotes.space,available,3.99,34.99,46,1,7,namesilo,,
3cd05fc5-f8ed-45b9-83ac-618271b4756f,overwhelmed.space,premium,35,140,48,5,11,namecheap,,
3d6427cc-33bb-40c0-92f7-0cdf6bf7810b,disappoints.space,available,3.99,34.99,36,1,11,namesilo,,
3d8f8d11-c7e2-40c2-8673-a4e9b3a2cd44,TyphoidMary.space,available,32.48,,59,1,12,namecheap,,
3e51f64c-2165-4bb1-8c33-604ee97d3db4,flashflooding.space,available,4.99,,52,0,14,name.com,,
3e701e4f-716c-4a9a-aa3d-51dd4b9714c2,havenosympathy.space,available,4.99,,54,1,16,name.com,,
3f7e44bc-3eac-45fd-bcbb-7e16ccafa689,hangover.space,premium,350,1400,62,12,9,namecheap,,
414f9935-2fec-470d-856b-5b27bce45adf,overanxious.space,available,4.99,,64,1,12,name.com,,
4230e9d4-7014-472a-b9b9-ed901f38098b,offenses.space,available,3.99,34.99,40,2,8,namesilo,,
4298c037-b90a-44f8-a251-ec96e228fa04,nitpicking.space,available,3.99,34.99,58,1,10,namesilo,,
42f91c55-feaf-431a-a29c-1a65994f84aa,filingfees.space,available,3.99,34.99,46,1,11,namesilo,,
4331c4a1-4162-4213-9f40-4713017a0830,bewell.space,resell,,,84,20,7,"Spaceship, Inc.",17/02/2026 14:15,17/02/2027 23:59
438504d9-f90a-4a77-b232-db822dddfe58,demoted.space,available,3.99,34.99,46,1,7,namesilo,,
455c3993-4e75-4330-9f58-f1fc2928473a,mosquitos.space,premium,35,140,42,5,9,namecheap,,
46230020-da07-4221-8d54-11fe00c6fdea,godark.space,available,4.99,,68,5,7,name.com,,
46311e96-1982-48a7-90d1-149ea5ab784e,Iwish.space,resell,,,58,12,6,Porkbun LLC,11/12/2025 12:02,11/12/2026 23:59
4872dcd1-5246-4e30-9751-82929983ee0c,WorldWarIV.space,available,32.48,,52,1,12,namecheap,,
48c9b8ac-5d9b-452d-8ecc-16c1e1d2638b,praises.space,available,3.99,34.99,56,3,7,namesilo,,
49081fad-abee-4b20-bbad-5267a9c1fa5d,transported.space,premium,35,140,61,4,11,namecheap,,
49291977-437e-4256-bcdb-51bfc874e446,keepitdown.space,available,4.99,,46,0,12,name.com,,
496cdd84-d290-44b5-9b99-65cde35fab72,slipin.space,available,4.99,,65,2,7,name.com,,
49c7a79f-15f8-4ee7-b617-f6ebbc5cc5e4,affinity.space,resell,,,78,81,8,Xin Net Technology Corporation,26/04/2022 07:01,26/04/2027 23:59
49e9dafd-858f-4ed7-8057-0a1c1779f1e3,Crayola.space,resell,,,80,61,7,West263 International Limited,04/02/2026 21:10,04/02/2027 23:59
4a43fd45-f671-4df5-9979-cc73a7b65a87,worldsapart.space,available,4.99,,64,3,12,name.com,,
4a75d7f1-1a3c-40c8-b97e-e2768ec1a656,havenot.space,available,3.99,34.99,66,4,8,namesilo,,
4a77566b-cc47-4754-9ba8-a0d53291051d,incheck.space,available,4.99,,46,5,8,name.com,,
4ab18e87-f69d-4f09-b818-45945fad75d4,mouthed.space,available,3.99,34.99,63,1,7,namesilo,,
4afc8933-2dee-4bad-a658-cbbd6a8bb9af,shortages.space,available,3.99,34.99,48,3,9,namesilo,,
4b3ad27a-36e2-45d2-ba2d-b87ef3bdf6ea,inoperation.space,available,4.99,,74,1,12,name.com,,
4b3b2ae7-2e3f-407e-9bb6-ebfb57e2f2a3,gooverboard.space,available,4.99,,64,1,12,name.com,,
4bb72095-c013-43cf-935e-504ccd2a5370,disappointments.space,available,3.99,34.99,30,1,15,namesilo,,
4df990cf-5186-4978-b260-f18d9c7cb282,bigmoney.space,available,4.99,,78,11,9,name.com,,
4e1622e0-29a3-433e-9bcc-c1a76707dcd8,shoveover.space,available,4.99,,59,1,10,name.com,,
4ee03296-1353-4839-914e-f8ce1d03fa16,arrested.space,premium,35,140,60,7,8,namecheap,,
4f9dec3f-0517-44a9-b310-8d266001e9a0,IamHIVpositive.space,available,32.48,,44,1,17,namecheap,,
4faf3405-4471-4789-b45b-92e06c34c6cf,dropabombshell.space,available,4.99,,58,0,16,name.com,,
50e1ca6f-fbb5-4799-9cad-68a3a1203e64,fails.space,premium,87.5,350,46,7,5,namecheap,,
53ac47f8-bac3-4c8a-937b-935cacfb5cbe,makenews.space,available,4.99,,80,1,9,name.com,,
5452910d-15b8-4c1d-9cd3-fb376619b364,unsettles.space,available,3.99,34.99,43,1,9,namesilo,,
5454e0ae-7df0-4939-b291-5b7db882e6e0,twits.space,available,3.99,34.99,46,3,5,namesilo,,
549d5a9f-19c4-4488-8247-c1874454a39f,mobs.space,premium,350,1400,42,10,4,namecheap,,
5528b677-1483-4fd7-9fcf-348b67c4da49,uncared.space,available,4.99,,57,1,7,name.com,,
55e6919b-3ef5-4a93-a720-1fa8f32637a8,guns.space,premium,1750,7000,68,22,4,namecheap,,
57004519-4e7d-4f11-89a4-4e956c013555,dustbunnies.space,available,3.99,34.99,38,5,12,namesilo,,
57820d6f-99c9-4e6b-9fc5-e86018867484,movingforward.space,available,4.99,,56,8,14,name.com,,
579bf4b6-dcac-4511-9021-d46c7057cc74,elects.space,available,3.99,34.99,56,4,6,namesilo,,
592428b6-6d75-43fe-bdd6-024b6a0aea66,accountability.space,resell,,,70,19,14,Porkbun LLC,27/01/2026 20:46,27/01/2027 23:59
59409543-cd4d-4241-8085-759a3483174c,foes.space,premium,175,700,46,6,4,namecheap,,
594692db-182b-4de1-bf32-4063ceb9cd3a,enlightenment.space,resell,,,62,18,13,West263 International Limited,12/12/2025 17:17,12/12/2026 23:59
59b312ec-abdd-482a-a838-e2291197bf5b,havenobusiness.space,available,4.99,,60,1,16,name.com,,
5a4ceac4-2527-4eb7-b343-4ff4294eb89a,keepfrom.space,available,4.99,,52,1,9,name.com,,
5b737466-f451-46d0-b6b8-790aa506d82a,blewit.space,available,4.99,,44,2,7,name.com,,
5c6612d9-9477-4a06-80ee-665422aa3160,childmurderer.space,available,4.99,,30,1,14,name.com,,
5d0a5b37-785e-432f-8912-95556d69ca3a,stormed.space,available,4.99,,50,3,7,name.com,,
5db0c61b-ac29-4826-a4a1-2919e41f48b5,goforit.space,available,3.99,34.99,76,11,9,namesilo,,
5e32a3df-8df4-46f7-9816-436f0c50f0d6,showingup.space,available,3.99,34.99,59,4,10,namesilo,,
5f77710a-c664-43e3-bdf8-c4d9e4f2d203,inpower.space,available,4.99,,47,10,8,name.com,,
6010c43b-811a-4d4c-9f34-f7ca37073eec,thieves.space,premium,35,140,45,8,7,namecheap,,
60310dbb-8a1d-4e5c-bd44-f8b29fe495a2,counterterrorism.space,premium,35,140,52,3,17,namecheap,,
606eb64d-5f5d-4a34-80fc-93150685f481,scootover.space,available,4.99,,66,2,10,name.com,,
60efe3ed-43de-4a01-b639-c9fd582811c5,socialcapital.space,resell,,,64,13,14,West263 International Limited,19/04/2026 19:04,19/04/2027 19:04
614a5475-fff2-486a-8a99-5f84d479b4e9,StGeorges.space,available,32.48,,54,6,10,namecheap,,
61db7cb3-25e1-41f9-8ac2-85d2e92ad9b8,matrixgroup.space,available,4.99,,68,6,12,name.com,,
61f5f979-1761-4c01-a322-3f4c2754ecf7,errors.space,premium,175,700,46,11,6,namecheap,,
62567e94-8944-4d8e-8d66-fa4663e6f070,FinalJudgment.space,available,32.48,,54,2,14,namecheap,,
626b23f8-82fa-4391-a971-28ce1ac2fea2,shorted.space,available,4.99,,61,4,7,name.com,,
62e28c26-a2de-474e-a103-d85b0a5e4520,bottoms.space,premium,175,700,60,7,7,namecheap,,
63bd1c27-819b-429f-bceb-f65f92d09ea1,filings.space,premium,35,140,48,8,7,namecheap,,
6514f0be-9478-4d23-ae32-893f0064b9f9,threats.space,premium,87.5,350,44,8,7,namecheap,,
65249d92-f637-4cf9-ae49-35a73f31ae90,paintthinner.space,available,4.99,,56,1,13,name.com,,
65e1ef93-e134-44b5-8b9a-9be501884d7d,filewith.space,available,4.99,,68,2,9,name.com,,
67249d77-22b7-4bfd-8097-bbe4ab39117d,squealed.space,available,4.99,,40,1,8,name.com,,
67eb02b7-ac20-4b14-a4be-d27a34dcf452,rumorhasit.space,available,4.99,,47,2,12,name.com,,
69a7bdd8-48fd-4c5e-ba1a-1ca77c441e0e,lactoseintolerance.space,available,4.99,,56,2,19,name.com,,
6a88fedc-e22f-4650-b0fc-7d07d4505dbe,finalstraw.space,available,4.99,,66,2,11,name.com,,
6b311ea1-674d-43e5-8108-7ff9a6c6fe3a,suspecting.space,available,4.99,,48,1,10,name.com,,
6b402351-496d-4544-a41b-6a2c6ca336d6,waitup.space,available,4.99,,63,2,7,name.com,,
6c0e6d7c-5753-457b-8e13-ebe813fce8a0,memorize.space,available,4.99,,86,10,8,name.com,,
6c5142eb-175b-4329-b45e-1a3658e40f84,failed.space,premium,87.5,350,60,11,6,namecheap,,
6ce856ae-f253-4dc9-b8fd-361597174ee8,prettiest.space,premium,35,140,62,4,9,namecheap,,
6d4a8bbf-b1f2-4063-9742-71f50751b67a,thedamn.space,available,4.99,,38,1,8,name.com,,
6f1d84f4-236d-4d62-ac66-c57fc41e4b75,ranted.space,available,4.99,,48,2,6,name.com,,
70bbd495-377d-443c-87db-0f63ce406161,devours.space,available,3.99,34.99,40,2,7,namesilo,,
710dfeff-9be1-47af-a648-529eddf77e1e,consents.space,available,4.99,,60,4,8,name.com,,
7220b746-e066-4a11-b86b-f93cc61d55b4,speedofsound.space,resell,,,68,5,14,"GoDaddy.com, LLC",13/12/2020 20:05,13/12/2026 23:59
725dbc21-d17d-4811-9e2e-caac29413bba,sweatshop.space,premium,35,140,56,8,10,namecheap,,
72907104-8fbd-4264-a911-d7dbb84d8cf2,writedown.space,available,4.99,,76,4,10,name.com,,
74c82d81-42ce-4708-8093-1bf8fa860db2,tothe.space,available,3.99,34.99,54,7,6,namesilo,,
74f795c0-ce58-45ff-a47a-f8b7c9bc5b95,getsick.space,available,4.99,,72,1,8,name.com,,
75f750c0-9c7d-47ae-a1c3-d4d5bc9e95bf,gobust.space,available,4.99,,68,1,7,name.com,,
771cf099-5af0-4259-afe8-ffb65e6a68ac,chaitea.space,available,4.99,,86,3,8,name.com,,
776810b8-d25d-45fe-b5a8-d7260d465d33,aldehydes.space,available,3.99,34.99,36,1,9,namesilo,,
7791f3e9-8158-4478-8d83-a84d901d0af8,gomissing.space,available,4.99,,70,1,10,name.com,,
77c1a43b-1771-44aa-8316-3a366fcafb93,couldnotcareless.space,available,4.99,,38,0,19,name.com,,
77df746f-4560-491b-a4c4-33650bd3fa9d,alcoholusedisorder.space,available,4.99,,48,1,20,name.com,,
785f2db9-9210-45e7-b010-de28200d40e1,politicians.space,available,3.99,34.99,44,7,11,namesilo,,
78edbf4d-c1be-44c0-9e06-d426acdc0076,postponement.space,available,4.99,,57,1,12,name.com,,
796de863-993d-4588-9cb0-fcf6e80bc79e,behindbars.space,available,4.99,,60,6,11,name.com,,
797253ad-245a-4888-a60e-19cf889cb942,finalreckoning.space,available,4.99,,58,2,15,name.com,,
7a070abd-70a1-4b4d-a60d-4469ade6fb3e,prompts.space,resell,,,54,39,7,"Sav.com, LLC - 43",31/03/2025 18:55,31/03/2027 23:59
7b0858f8-e4ed-405d-bd7b-ff48e05a2b3f,deadoralive.space,available,4.99,,54,5,13,name.com,,
7b6e320a-ea06-4f3d-8000-a5ad2e48b0ce,plaques.space,available,3.99,34.99,42,5,7,namesilo,,
7b9ba0ff-febe-46ca-9fb7-2b0cbd5a9e9c,goawry.space,available,4.99,,66,0,7,name.com,,
7c01376d-0305-40e7-941b-b47d9f3a555d,havenoneofit.space,available,4.99,,56,1,15,name.com,,
7cff330f-447d-4159-b451-a72e0fc84232,traps.space,premium,175,700,68,7,5,namecheap,,
7d9c97a4-2cc4-45fe-81be-489e2333c172,preliminarily.space,available,4.99,,41,1,13,name.com,,
7de0f76f-55f4-4054-9f0a-508a3f844c87,gonowhere.space,available,4.99,,62,2,10,name.com,,
7de46431-4298-4771-a024-169d85bde2e1,yall.space,available,4.99,,60,12,4,name.com,,
7f7a832b-0e3b-4b31-8319-a53598a90975,knocks.space,available,4.99,,48,5,6,name.com,,
80a0378e-c454-4340-afbe-806f2e31924a,rages.space,premium,87.5,350,40,4,5,namecheap,,
818c4328-2133-4e86-87db-3f8cc4515c80,outofmyway.space,available,3.99,34.99,34,1,13,namesilo,,
8280ccc4-0e73-44ed-bf50-a2385dff55db,throats.space,available,3.99,34.99,44,2,7,namesilo,,
83623a0f-9d84-42f4-8868-bb415ced7f0a,deepdiving.space,available,4.99,,76,2,11,name.com,,
839ab308-ce1c-43a8-9bb2-40f09f6821e7,stuffit.space,available,4.99,,44,5,8,name.com,,
85aee530-74e6-475f-a186-edfb9210cb46,sitaround.space,available,4.99,,66,1,10,name.com,,
85cc46a3-8ac6-44b0-bb43-7842647afc13,letterofdismissal.space,available,4.99,,44,1,19,name.com,,
85f522cc-5aa0-42e9-bef5-6f9527fd1ddd,havetheblues.space,available,4.99,,58,1,14,name.com,,
861e7d61-1be5-4874-bbfa-5728748723c7,nailed.space,premium,35,140,58,6,6,namecheap,,
86ff0c5d-7ea4-4bfa-b267-3a75732e9287,rubbed.space,available,4.99,,62,2,6,name.com,,
8736b6a9-9a8e-4055-98bd-40a99d256d29,silences.space,premium,175,700,46,3,8,namecheap,,
87f82abf-8837-4af1-b41b-d5ca665c7ad1,gonegative.space,available,4.99,,66,1,11,name.com,,
888efa36-9a45-489e-b133-f33b2578dd9a,defaulted.space,available,3.99,34.99,42,2,9,namesilo,,
89cecba9-2639-4c0b-b3db-62747d95b62d,overrated.space,premium,35,140,60,6,10,namecheap,,
8b01fe2f-aa91-4a21-b1f6-60f6822b0a8b,slugs.space,premium,35,140,52,6,5,namecheap,,
8d613414-950e-4975-a950-2a54311977fd,tbsp.space,premium,35,140,63,5,4,namecheap,,
8da029e4-cef6-4594-aad5-499f833ec28f,spillover.space,available,4.99,,68,4,10,name.com,,
910a1a70-e09d-402d-aa19-8b6ddb26e34e,havenousefor.space,available,4.99,,56,0,15,name.com,,
9156b488-e957-4e7f-8b50-fcd0dfe5f6ca,toburn.space,available,4.99,,50,1,7,name.com,,
920c5e58-dc8c-4809-b0a8-cf3b60f42481,takealeak.space,available,4.99,,63,1,11,name.com,,
944047e0-cd67-47f7-b6b3-9072355ab4b8,behindschedule.space,available,4.99,,38,1,15,name.com,,
944d2131-618d-4135-84f8-72a152d40224,suspicions.space,available,4.99,,43,2,10,name.com,,
95dc1c3d-caf6-4d3c-a893-e05c0b3944e7,PopeGregoryI.space,available,32.48,,28,1,14,namecheap,,
95f4c8bc-d048-4962-8765-87ba51c9380b,monopolizing.space,available,3.99,34.99,40,1,12,namesilo,,
967decb9-7ee6-4a3a-a490-96d529f7cba2,diseases.space,premium,175,700,40,5,8,namecheap,,
9810023c-d140-4c2d-90a7-506b9f960022,distresscall.space,available,4.99,,32,1,13,name.com,,
985560c6-e864-4fc2-ab3d-3d0f06e86566,Ichooseviolence.space,available,32.48,,44,1,17,namecheap,,
9984bff7-0f20-44f9-9e64-cd4fbc3cd9e2,scratches.space,premium,35,140,60,4,9,namecheap,,
9deb408c-cc1d-42c7-a31b-a6f836f04fa3,shrugs.space,available,3.99,34.99,50,2,6,namesilo,,
9fcdc39c-c572-4938-bbff-5b1a0445781a,alcoholpoisoning.space,available,4.99,,48,1,17,name.com,,
a0b46f4d-39db-4f4f-a2ea-b8be0cfff914,barbedwire.space,available,4.99,,66,3,11,name.com,,
a12263d9-a70d-49db-a3d7-b4c5a8f43371,deadonarrival.space,available,4.99,,46,2,15,name.com,,
a226dd59-4cc4-45a9-91ed-f9d913759ef7,noses.space,available,3.99,34.99,48,3,5,namesilo,,
a26bbe0f-172e-401b-a3df-43c9e81d5d5d,quitting.space,premium,35,140,54,4,8,namecheap,,
a27a225e-20f2-480e-bb07-90f16357f8cb,havethefoggiest.space,available,3.99,34.99,54,1,17,namesilo,,
a36ef19c-7461-4846-a20f-c758d4dff26b,backtaxes.space,available,4.99,,62,3,10,name.com,,
a4481f59-d5a7-4f0c-91fd-ea26aa8031ff,givingin.space,available,4.99,,50,1,9,name.com,,
a4bf8049-cdd6-4227-bc7d-b804fa2bd9da,gonuclear.space,available,4.99,,68,3,10,name.com,,
a5cbe1a8-d840-45ce-a801-ec60ce446d60,razorburn.space,available,4.99,,60,1,10,name.com,,
a5e609dc-619f-4b43-b543-4f0cf4c05dbd,parkup.space,available,4.99,,59,4,7,name.com,,
a63f9834-6f5e-4260-9ddc-831ffa856cbb,keepoutof.space,available,4.99,,68,0,11,name.com,,
a667795e-26c3-4722-8f41-69d02d0d349e,commonpractice.space,available,4.99,,66,4,15,name.com,,
a7ff3fd8-7809-4acc-b1f0-8b2f335a050b,mistakenidentity.space,available,4.99,,52,2,17,name.com,,
a94fe497-0288-41a2-8fe5-040263bda21e,slipitto.space,available,4.99,,64,1,10,name.com,,
a96e173b-4280-4d98-b4a8-4bb5c41ba860,parkingfine.space,available,4.99,,46,2,12,name.com,,
aa734d45-eb7b-4c6a-8d33-4bd768f128b2,sedated.space,available,4.99,,43,2,7,name.com,,
aae47a56-e38a-4270-9d76-a324895149b1,resteasy.space,available,4.99,,79,4,9,name.com,,
ab57313e-e8d9-4a54-a6ff-cdf4650bf780,gaps.space,resell,,,40,8,4,Porkbun LLC,21/04/2025 21:47,21/04/2027 23:59
abf666b4-93e1-4e3b-9fa3-79ae53fec1bf,uptill.space,available,4.99,,50,1,7,name.com,,
aec56788-01ae-46e0-9beb-596eec6bed42,rashes.space,available,3.99,34.99,40,3,6,namesilo,,
aee5de0d-76ef-40af-9fbc-6b6b34555033,differences.space,available,4.99,,52,4,11,name.com,,
aeff6058-8257-4078-bc41-1691788021f3,refusing.space,premium,35,140,40,3,8,namecheap,,
af5ad3bd-aedd-418f-b7d8-aa5f21bd77bd,gotothewashroom.space,available,4.99,,56,1,18,name.com,,
afb2d586-b54a-421d-ba9b-0dfcafee20bb,dusts.space,premium,175,700,52,3,5,namecheap,,
b02cf892-6fa6-45e0-b434-324b46e4f270,disobeying.space,available,3.99,34.99,46,1,10,namesilo,,
b1d64d76-bb24-4dc1-8054-6ae44d447134,terrifies.space,available,4.99,,39,1,9,name.com,,
b311532a-6a99-4e92-b769-b6ae1471e4e3,complaints.space,premium,35,140,40,9,10,namecheap,,
b3cc1b06-597d-4540-9912-3e940423ee71,germs.space,premium,87.5,350,40,5,5,namecheap,,
b476b2b0-df98-4407-bb38-1467a57c9fa4,sneezed.space,available,4.99,,47,2,7,name.com,,
b4bd3a45-b46b-4569-8642-02a682a6742c,fundamentalism.space,available,4.99,,58,2,14,name.com,,
b5bc8b5a-c434-4be7-9b77-25b2111ebd4e,mortars.space,premium,175,700,40,2,7,namecheap,,
b5e008c5-8471-4355-b712-12fbe9d19b02,WorldWarIII.space,available,32.48,,48,3,13,namecheap,,
b70261c6-d507-4241-a8a9-1a3ca72b7b13,getwise.space,available,4.99,,77,6,8,name.com,,
b74dbab3-2d90-430c-8301-2248cff65b1c,cheesedown.space,available,4.99,,62,0,11,name.com,,
b8413fa4-865e-43c4-9c34-f579fb766162,zombies.space,premium,87.5,350,44,11,7,namecheap,,
b8c96926-00ad-476a-9e62-b04cff2c0a53,turnedoff.space,available,4.99,,42,1,10,name.com,,
b8e10053-1cbc-4410-a4ff-08fa673ed6be,conveniencestores.space,available,3.99,34.99,46,2,18,namesilo,,
b945e7e9-e75b-4b91-b18f-0dc184f0d35b,stepout.space,available,4.99,,73,9,8,name.com,,
b962d8da-d755-4c7a-be09-f0fd651d445f,starkest.space,available,3.99,34.99,40,2,8,namesilo,,
b99c697c-1ebd-4f10-8583-c22644d41d3d,constraints.space,available,3.99,34.99,44,2,11,namesilo,,
ba933996-5a0b-4cc8-aed9-91a2c05657a3,overwith.space,available,4.99,,60,1,9,name.com,,
babbb0d3-1c98-4f8a-b27a-0e6a9a0769db,goballistic.space,available,4.99,,68,2,12,name.com,,
bbcbb063-8b9b-4a05-82b4-fb712f4290ba,proxymurder.space,available,4.99,,36,1,12,name.com,,
bc18a05f-1764-4a2f-b518-5ff5396b20a1,sucked.space,available,4.99,,54,4,6,name.com,,
bca04cf7-1e89-4968-afcc-41a9ee3c1baa,OxyContin.space,available,3.99,34.99,64,6,9,namesilo,,
bd8b11ef-e4da-4a25-8271-ea1739c2ff66,pegs.space,premium,87.5,350,48,8,4,namecheap,,
bf46f69c-9932-46c3-a1f8-833efc63b2b3,setapart.space,available,4.99,,72,8,9,name.com,,
c02a8a69-1461-4392-8e23-f32ded9d1fc1,goodday.space,premium,,,80,17,8,,,
c163b95d-59c8-4235-9867-30223b905267,Ihateyou.space,available,32.48,,52,4,10,namecheap,,
c1ccd7f3-c52b-44ed-8a1a-ad386516a65d,carbonmonoxide.space,available,4.99,,54,4,15,name.com,,
c2195967-539f-4290-a9e0-2ffc6f060a20,gonedownthetube.space,available,3.99,34.99,30,1,18,namesilo,,
c29f010c-f0b4-4e40-9807-06bb1e017c50,remembrances.space,available,3.99,34.99,51,2,12,namesilo,,
c2ca7a74-7bad-4582-bb1e-06698cc86203,defaults.space,available,3.99,34.99,44,7,8,namesilo,,
c369b72d-43ff-48d1-8b64-e4808f4882c8,underprotest.space,available,4.99,,30,1,13,name.com,,
c3a3f8e6-5707-46fa-bd04-7a1863676f91,teamsport.space,available,4.99,,73,7,10,name.com,,
c41253cf-5670-46de-a3f2-15af786a329e,howtheheck.space,available,3.99,34.99,48,1,12,namesilo,,
c4c09a33-8628-4431-b08d-9cfcc7d8fdc1,doesnotcompute.space,available,4.99,,40,3,16,name.com,,
c51bd0c8-aebf-4938-ba03-1b319d1aee6f,slipoff.space,available,4.99,,65,1,8,name.com,,
c8365fba-78cb-46cc-b048-6cbe82a85c02,smashdown.space,available,4.99,,58,2,10,name.com,,
c8643b1e-c193-4405-8276-9853895624b6,dont.space,premium,175,700,42,18,4,namecheap,,
c86c2b86-013c-41a5-bcf6-7fa15dde0e84,OpiumWar.space,available,32.48,,52,1,9,namecheap,,
c8b563ab-266f-4aa6-9341-d68a1ec31517,lies.space,premium,35,140,60,12,4,namecheap,,
c925d419-b6c2-4c6a-859e-c7f694681347,smartest.space,resell,,,64,20,8,Porkbun LLC,18/11/2024 19:45,18/11/2026 23:59
c9bafb97-2d98-439f-b399-6460868cd8ec,gettheboot.space,available,4.99,,70,1,12,name.com,,
c9d0974a-284e-4217-a462-40bf9cba3b1f,note.space,premium,,,70,38,4,,,
cabdbb40-0a81-48d7-80f8-1414e33967a9,SaintGeorge.space,available,32.48,,54,6,12,namecheap,,
cb131dda-ffaa-4088-a0e5-fa48a9ee72f1,storms.space,premium,87.5,350,60,10,6,namecheap,,
cb17a356-13f4-4515-b1c0-574711f68a59,Ihavecancer.space,available,32.48,,44,2,13,namecheap,,
cb6a0bbb-fba1-43e0-ac75-19aa8b31cf36,disorders.space,premium,87.5,350,46,5,9,namecheap,,
cbd1c185-480b-4cf8-a270-9a9628af5b54,disobedience.space,premium,35,140,64,3,12,namecheap,,
cc0acc10-9e2d-4b97-ae5d-ca32fa616a34,smashinto.space,available,4.99,,38,0,10,name.com,,
cec8a8ad-bd5c-435c-8559-bae1f7d50918,thefixisin.space,available,4.99,,38,1,13,name.com,,
cef6701e-36ff-4583-a657-45436055738e,dangers.space,premium,175,700,46,6,7,namecheap,,
d09573ee-c56f-4668-a724-587214bd1f76,suppresses.space,available,4.99,,44,1,10,name.com,,
d1a12369-b342-4b34-95e0-ebdb231259ee,counterattack.space,premium,35,140,64,3,14,namecheap,,
d24ab527-0af4-4a69-b04e-ce66169116ee,rioted.space,available,4.99,,44,1,6,name.com,,
d27d3a96-8bfc-4cc3-9d90-14a4b72a7387,proxyvoting.space,available,4.99,,62,2,12,name.com,,
d2d56896-e13b-4926-81dd-48199a77881e,nauseousness.space,available,3.99,34.99,58,1,12,namesilo,,
d38a1309-1ed8-4c94-887d-6a89263d0baf,arrests.space,available,4.99,,46,5,7,name.com,,
d3a5b4fe-f842-4f02-b52e-8a894ec69774,notsomuch.space,available,4.99,,46,1,11,name.com,,
d3a852f5-52e9-4315-8dff-aa1b16556fde,sanctions.space,resell,,,52,8,9,IONOS SE,26/10/2022 16:30,26/10/2026 23:59
d44a3a98-931b-48af-be87-f6f67c3c81cc,takehuff.space,available,3.99,34.99,64,1,9,namesilo,,
d4d2fa6c-ea33-4e5a-a049-dc23088f302c,proxycard.space,available,4.99,,44,2,10,name.com,,
d58c02db-828f-4a06-bd32-0d0675746a64,ontop.space,resell,,,66,14,6,West263 International Limited,06/03/2026 14:37,06/03/2027 23:59
d62128d0-7b83-4943-95ba-06fe6e34aeb1,ghosts.space,premium,1750,7000,48,14,6,namecheap,,
da0d7786-5fd8-42d5-8eb0-ae936f192923,smashup.space,available,4.99,,58,5,8,name.com,,
da48f88b-6e0a-4afd-878e-93e69a25f531,floods.space,premium,175,700,38,6,6,namecheap,,
dad4e95d-18d2-4f21-aa01-4914fa0c53bf,ofan.space,available,4.99,,44,4,5,name.com,,
db246794-45d4-4045-b121-a9a9347cefe6,difficulties.space,available,4.99,,70,3,12,name.com,,
dd607261-299b-4cce-975b-abbdb8f29034,prowlers.space,available,3.99,34.99,40,2,8,namesilo,,
dedbd5fb-93e9-4f9d-a0a7-07829737fde5,slipthrough.space,available,4.99,,66,1,12,name.com,,
def3de2c-b7f6-454c-a120-5da1cd41862e,howthedevil.space,available,4.99,,40,0,13,name.com,,
e0c50b25-785d-4c55-b75f-8e76cd9a5b74,waitforit.space,available,4.99,,43,4,11,name.com,,
e0d511a0-4c0b-4cb1-bd74-7eb4609fd764,punched.space,available,3.99,34.99,50,3,7,namesilo,,
e1945e1d-4e8d-4ef5-ac72-a81cd190771b,leaveover.space,available,4.99,,70,1,10,name.com,,
e23098d9-004d-4522-8d02-ac8bdda3af1f,somewhereelse.space,available,4.99,,60,3,14,name.com,,
e250df61-ec31-4c70-99e2-2ae763f07de7,sorethroat.space,available,4.99,,64,2,11,name.com,,
e2e147b5-8b54-4810-8daf-663fbda36994,gobankrupt.space,available,4.99,,68,2,11,name.com,,
e3db747f-ee82-4738-be87-14705ab1460d,deteriorates.space,available,3.99,34.99,38,1,12,namesilo,,
e428f8ce-db70-4218-ab83-23446645b53b,goastray.space,available,4.99,,66,1,9,name.com,,
e42b558c-20a4-4c19-8f6d-7cb865b95ae0,toexcess.space,available,4.99,,55,0,9,name.com,,
e49e466a-54eb-4e27-9bb0-bb81fe909355,waitout.space,available,4.99,,63,1,8,name.com,,
e5456721-8a60-40e3-8324-cae46c1592a0,fullfrontalnudity.space,available,4.99,,48,1,19,name.com,,
e6549359-0614-4c3f-8f82-872504f177e4,sucks.space,premium,175,700,48,11,5,namecheap,,
e78e0d6f-f21b-48ba-9841-8feb467ac2cb,mosquitoes.space,available,4.99,,42,4,10,name.com,,
e7f66c0e-f7e6-42a3-a2ce-7801d2233d0d,biases.space,available,3.99,34.99,42,3,6,namesilo,,
e9e78c89-e99a-4c0d-b349-b205f6afe2d0,demotions.space,available,3.99,34.99,46,1,9,namesilo,,
eaf3faf2-e331-4e4a-b6b2-04fe87906fc5,strepthroat.space,available,4.99,,68,2,12,name.com,,
eb75405f-7a60-4be1-9518-5777cf486e29,tirades.space,available,3.99,34.99,46,1,7,namesilo,,
ebc4c422-e311-4e43-982f-69459dc0d898,manuallabour.space,available,4.99,,58,1,13,name.com,,
ec1c78fe-c1c8-4331-881a-86dca9361a22,salts.space,premium,35,140,56,7,5,namecheap,,
ec53b482-d401-4c56-9eae-c37d3bc3f3b4,refused.space,premium,35,140,50,4,7,namecheap,,
ec7c9382-abed-408f-8e5d-ec30b9cad6ff,motorvehicles.space,available,3.99,34.99,42,1,14,namesilo,,
ee4d1a6f-f1d8-47a0-9092-ba007deff141,rubs.space,premium,87.5,350,52,6,4,namecheap,,
ef20f748-0de8-4c69-ae4a-23db94778a60,ElNino.space,available,4.99,,66,8,7,name.com,,
effbe9a2-f584-43d6-ae33-e6be2be83ddc,blewagasket.space,available,3.99,34.99,34,1,13,namesilo,,
f040b489-cf1e-4804-9989-c637eb795ac1,backbreaking.space,available,4.99,,54,1,13,name.com,,
f0506aab-7225-4501-9d1d-9910e8e40013,reprimanded.space,available,3.99,34.99,42,1,11,namesilo,,
f0c0ca11-bbdc-4b1f-abfd-e34da88b9f51,sawoff.space,available,4.99,,60,1,7,name.com,,
f286ccbf-705b-477a-b362-0f377e010532,makesense.space,resell,,,82,14,10,Porkbun LLC,18/11/2025 03:12,18/11/2026 23:59
f45724ea-99a5-4660-ac6f-bc624b8a05f6,drops.space,premium,87.5,350,52,25,5,namecheap,,
f54e0bc4-03d9-487e-b054-9884574b462e,oranything.space,available,4.99,,44,1,11,name.com,,
f655f846-a315-4091-9e87-234f83d348bb,killed.space,available,4.99,,56,5,6,name.com,,
f675898a-ef8d-44ed-a999-5bb95c425ae1,probablecause.space,available,4.99,,55,2,14,name.com,,
f733363c-2362-424b-9948-1ee7b3fad387,peed.space,premium,87.5,350,54,4,4,namecheap,,
f746aba2-96a1-4c25-a408-aff1cee53591,godownhill.space,available,4.99,,68,1,11,name.com,,
f7ad7771-979c-4630-8b52-4554fef77377,bedamned.space,available,4.99,,38,1,9,name.com,,
f7ed92cb-fad0-4a67-8b8f-c7910b407407,creating.space,premium,875,3500,80,12,8,namecheap,,
fabcdf59-4a81-4b28-8969-3f16b83d46f5,prejudices.space,available,4.99,,38,1,10,name.com,,
fbd0cac1-7a65-44ab-98b7-33ac22da8d84,gomad.space,available,3.99,34.99,70,5,6,namesilo,,
fc3e1cf3-6bfe-4117-a7b1-3034690f9a6f,filesize.space,available,4.99,,64,2,9,name.com,,
fc64d557-5639-47b7-970b-809c10c70b50,designers.space,premium,87.5,350,72,15,9,namecheap,,
fdbbfc3a-35d1-4796-b0c1-b81a0b47d592,chicks.space,premium,35,140,58,12,6,namecheap,,
fde90b37-477c-479c-b977-a6102646086f,cements.space,premium,35,140,56,3,7,namecheap,,
fe4d8af2-f22b-4e62-9f90-261d90b5fca5,HarryPotter.space,resell,,,72,20,12,"Sav.com, LLC - 48",03/02/2026 12:12,03/02/2027 23:59
fec5a4e8-c538-4deb-bc39-5725484dafa8,axes.space,premium,175,700,36,10,4,namecheap,,
ffaac934-b9c1-44e3-bbfc-e35172fcc34f,thereaway.space,available,4.99,,58,1,10,name.com,,
b46b97b9-5fb0-42c9-aa82-e6c16bda7ff7,unexpectedly.space,premium,,,56,72,12,,,
fb119254-0da1-4c32-b5e5-a2467a2cb02e,invisiblehand.space,premium,,,52,80,14,,,
177f571f-4262-4f1c-951d-825c46d46be0,Irishly.space,premium,,,56,72,7,,,
88c2836d-3042-404e-97ef-c4b40fc64abf,recapitalise.space,premium,,,58,72,12,,,
73821302-fa5f-4e21-b38e-82ba08bc3931,noons.space,premium,,,,44,5,,,
a818019b-b698-4942-9a51-c75b46e3683d,electricalcircuit.space,premium,,,54,72,18,,,
d5c4a6d6-1ad6-49ed-9a1f-7770c0fb81cb,vendition.space,premium,,,52,76,9,,,
d157c42f-885e-4c24-ab42-a51575298a44,classy.space,premium,,,68,80,6,,,
8ceeae10-c672-40ad-9c0d-54e8f0a03ff1,adjusting.space,premium,,,62,76,9,,,
eb1a61ad-6234-424d-99ff-3b3eae3b83fc,StHelena.space,premium,,,66,3,10,,,
cae1624b-e1f8-4233-9668-963a84c5ae6e,symphonyorchestra.space,premium,,,58,76,18,,,
d5f87b1b-7c18-4f9c-8d60-0cb936d7d046,Hybrids.space,premium,,,50,20,7,,,
b46f0dfc-2a68-4596-b76c-484488853b2b,phonebanks.space,premium,,,,8,10,,,
734b5036-a697-4d95-8322-7d536cfef5cb,blueviolet.space,premium,,,70,76,11,,,
4f9795ab-781e-4e20-a807-66b82ba387dc,Sweetwine.space,premium,,,58,68,9,,,
a3e3b101-c5fa-49c2-9ac1-a0931d31b09a,primethepump.space,premium,,,,16,14,,,
51ac6a05-a14f-41a7-bf4f-8c3612510a02,photorealism.space,premium,,,,28,13,,,
06d9f0cf-47d9-4dc2-a3f4-42d7487b60b2,searinghot.space,premium,,,,72,11,,,
1d4698f0-5d19-4df4-bba9-a8556f836069,gleaming.space,premium,,,82,4,8,,,
52e13689-a97f-4b99-a054-5c1142df2c66,firingrange.space,premium,,,58,72,12,,,
9f19ac79-145a-4990-8650-98ac7e83080f,sparerib.space,premium,,,60,72,8,,,
03bdb107-6271-4ae6-912f-89a1c835cc71,revises.space,premium,,,,12,7,,,
0976c5af-be58-4f9a-bcd5-aeb3c34396ce,wikilink.space,premium,,,54,76,8,,,
341794f9-aabf-4426-b1d0-f9be40074859,bequest.space,premium,,,90,80,7,,,
9e4515bd-9e29-41c2-962f-40999eed3382,dairy.space,premium,325,1300,74,76,5,namecheap,,
1847bfe8-96ff-4644-92a7-a1899e43fbf1,buggeroff.space,premium,,,60,72,10,,,
401a26ec-7490-47a9-afed-1f2636277251,bitrate.space,premium,,,60,88,7,,,
0ab55ea7-efd1-4493-9f01-048746fce965,hockeyrink.space,premium,,,62,72,11,,,
7e9b6742-526c-4ab1-97fe-cb35aaf0a73f,greentax.space,premium,,,58,72,9,,,
41ff19d6-4305-491a-acdd-bd11d47c247c,Buick.space,premium,,,78,88,5,,,
33155088-43d8-429a-9203-1eaf15221816,dogwhistle.space,premium,,,62,72,11,,,
3bd7b375-f5fc-4210-b257-eb1aca7f8007,psychiatry.space,premium,,,66,80,10,,,
5b74aefb-d15c-4183-a852-117b3f5a1c13,romcom.space,premium,,,78,80,6,,,
c818c2a5-c8c9-42e2-aeca-fdb0c38d54b9,turtle.space,premium,,,78,84,6,,,
728afbdb-eb1d-4bf1-a7e0-38e1bdef6d99,Himalayanginseng.space,premium,,,34,4,17,,,
86f3236c-8112-4384-ad37-c3539efd6758,promo.space,premium,,,94,31,5,,,
77a8bb7f-7a75-4838-b791-820a10403b2a,filmstrip.space,premium,,,54,76,9,,,
b19d7d2c-30ee-46f6-9691-6c2e80462477,givers.space,premium,,,44,44,6,,,
a7bf4ebb-fcd6-4a36-ae12-85e98c577e2a,dustpan.space,premium,,,62,80,7,,,
2544f2ad-5bd8-4d7f-913c-ff5d424e20db,sentimentally.space,premium,,,50,80,13,,,
8a32ff86-baa6-450c-80c2-f8a304e79c4b,dryingout.space,premium,,,38,8,10,,,
daf97882-97b3-4cf7-b701-c3b0a84c9efb,actedout.space,premium,,,60,4,9,,,
22195fd9-2413-4009-adba-f5ce6153cd7e,default.space,premium,,,94,25,7,,,
ff137c73-3e15-475b-a6ff-6dd3db267119,retirementhome.space,premium,,,56,76,15,,,
f3d0fc9f-a6d0-425b-a217-6e637fe0655c,dilemma.space,premium,,,69,11,7,,,
0982ab8f-808d-4e54-b881-3da31df9ae3d,ashighasheaven.space,premium,,,38,72,17,,,
98c3b562-6eba-48ae-9f3f-0b66d6c2854a,onebyone.space,premium,,,56,10,10,,,
4ba2a258-352c-4809-a2c4-bd65d32a797a,dwarfiris.space,premium,,,60,72,10,,,
fd931947-09e9-41e0-a959-1a835647e530,Aurobindo.space,premium,,,50,80,9,,,
a800d53c-08de-4f96-b0cb-d83ea35b3f8b,bloodtie.space,premium,,,40,72,9,,,
2f22167a-1c31-403f-be3b-595d1c2da255,morningperson.space,premium,,,,80,14,,,
a3eb8f17-9024-4c6b-b854-9222d2485ded,powerplant.space,premium,,,58,84,10,,,
2126a5c3-2e13-4f5e-8c66-fc738da8ab08,novocain.space,premium,,,56,72,8,,,
fed57fda-c443-41bd-a355-8e59e8509403,stethoscope.space,premium,,,74,76,11,,,
72c2beb7-3ac0-46d5-9021-9b5f11d579c4,habitation.space,premium,,,64,76,10,,,
40d86583-6eb7-4120-8224-8e2194a37a7d,Elmton.space,premium,,,48,72,6,,,
45d905e0-cf8f-4a56-b76d-c5a525e3f59c,slatewhite.space,premium,,,,72,11,,,
488e4629-4960-4e38-9095-0a31e1cd6bdd,vermeer.space,premium,,,61,76,7,,,
af5db6f0-d54f-4c5a-b40e-835f4ebab190,alljokesaside.space,premium,,,48,76,15,,,
6b0367df-f8a8-4582-b039-b109623b4431,financialyear.space,premium,,,60,72,14,,,
10f4e3da-8b90-4fe9-bb69-405a0cb462b1,truism.space,premium,,,62,88,6,,,
b5235637-64d8-46a4-ad9f-9a29d27dd70b,anticlimactic.space,premium,,,48,72,13,,,
9c078778-4c07-4845-8dbb-2bdb7cb315e9,limited.space,premium,,,82,20,7,,,
782e7e68-6288-4bcc-8645-ae7ab3567f48,artificialrice.space,premium,,,56,72,15,,,
80f8f7fe-66bc-4997-b268-331cb40cab47,pretext.space,premium,,,82,76,7,,,
05b91022-d6cc-4a00-a909-70bbf61fbd06,growthspurt.space,premium,,,80,80,12,,,
90c0234b-b065-4fe0-b85b-dc209d99a148,ABCexporter.space,available,25.98,,43,72,12,namecheap,,
7540bd50-fb1b-406a-8003-f4ebae8c2e33,predicating.space,premium,,,,4,11,,,
e7e6887e-398a-4359-a01e-c436e50d8370,sandblaster.space,premium,,,52,76,11,,,
9f96947b-582f-4d9d-ac5f-4255c8fbd8f8,Japanesepaper.space,premium,,,54,72,14,,,
f9b8b8e3-1d52-4865-a6e1-af1306f492cf,cooleddown.space,premium,,,42,8,11,,,
27551c4f-545c-4f32-bd56-a4a05e8e6c2a,cropping.space,premium,,,56,68,8,,,
346204f7-d3a0-4ae2-9384-751b44059137,innocentlydivorced.space,premium,,,54,4,19,,,
e720a47e-1671-441b-a4d2-8bf008408bd8,frothing.space,premium,,,56,76,8,,,
57794d27-ef2f-4b54-97c5-7b583a6f5a8a,nonworkday.space,premium,,,54,72,10,,,
52cc4c13-4dd8-41f5-9fe7-bfa6c7c20298,propellerdisk.space,premium,,,,4,14,,,
fee6a3de-7bb2-4117-8780-127528aa962d,GreatBardfield.space,premium,,,52,72,15,,,
f26b9249-52fc-49f5-8073-2877a6d43d28,respires.space,premium,,,,12,8,,,
48e9ca08-8526-426d-b880-11a37a4c8d2b,creditnote.space,premium,,,58,68,11,,,
44fa992b-b674-4e00-ae40-9bd70541a5a6,cheesestick.space,premium,,,66,76,12,,,
9890c63c-fecf-45a2-9d2c-f76a3789d360,LuckyCharms.space,premium,,,60,48,12,,,
0c7c3f0b-c1c3-4c4d-8f52-f7b0be252fd5,brannew.space,premium,,,64,76,8,,,
86277c5e-40f7-471f-bc1b-6796f99d441b,KingWensequence.space,premium,,,46,72,17,,,
a021138c-a0f1-4a60-b154-f38d95cd1505,farmstall.space,premium,,,60,72,9,,,
12e5810a-0258-4fb9-8a63-ad9867fe1f04,ghostswift.space,premium,,,54,72,11,,,
94ed6c35-8e6a-4dc0-88d6-babfd1ba40ce,duffelbag.space,premium,,,64,76,10,,,
3faa32a3-4e0b-4732-99fb-b8d64ece15e8,makemuffins.space,premium,,,72,72,12,,,
2d983e63-ff46-4d0a-a6ad-fdab99e6c09e,SungaiPenuh.space,premium,,,48,72,12,,,
a5511c3d-c274-42a0-b16a-cb56472b5a21,orotund.space,premium,,,78,72,7,,,
336a91b7-34c1-4f9d-8795-710753793fa7,divinespark.space,premium,,,54,80,12,,,
a7a54fdf-545e-427d-b116-d9120b12aeea,responses.space,premium,,,,32,9,,,
3ac66bdd-8051-4243-a8ea-0ed8d7b37155,heartsandflowers.space,premium,,,58,80,18,,,
4585cb9f-8404-4a7d-9e04-c21ab2bbbc31,knockon.space,premium,,,52,76,8,,,
d414f201-1f57-472a-85b6-0ac587c0943e,businesswear.space,premium,,,56,72,12,,,
43649eb1-b0c7-4188-bb7c-898c6a89b125,Sundayroast.space,premium,,,80,4,12,,,
626a46ee-3e0e-4613-bf7a-ce1eed5791ca,equipment.space,premium,812.5,3250,68,84,9,namecheap,,
dfbe2266-8088-4e7d-8383-d16f6a240d9c,rugbysevens.space,premium,,,,72,12,,,
eec28161-c644-4b9a-9720-95939c1c0c5d,sums.space,premium,,,,9,4,,,
dff76a22-05bc-4339-9abd-6cc9032b7c40,tennessee.space,premium,,,74,84,9,,,
b5d3fe39-d45e-4622-9211-8cd9c94474ab,collaborators.space,premium,,,48,44,13,,,
0a9bdaeb-aea7-4fe4-b14d-c738fb61deda,algolagnic.space,premium,,,48,1,10,,,
3266dc49-f262-45ad-b19a-3a89bd320bd5,eec.space,premium,,,74,88,3,,,
a0954a6c-940e-4939-8945-e2916101078c,septet.space,premium,,,53,2,6,,,
b269dc30-29b1-4ce2-b8b4-81d74d8ca324,forehead.space,premium,,,70,3,8,,,
928908e0-93f5-458a-8b53-01bdf7aadfff,highscoretable.space,premium,,,67,72,16,,,
bd99034d-1ad4-41b2-9539-c47db5be5438,runningday.space,premium,,,58,72,11,,,
087a32c3-6dea-4383-9482-69c7195b7554,balloting.space,premium,,,56,68,9,,,
a8c6d942-bbfb-477d-9684-151c1e60a315,FifthWorld.space,premium,,,46,76,11,,,
194b8c47-c32f-48b2-9da7-ea8623ff7ff9,doctoral.space,premium,,,54,80,8,,,
2080e903-ce23-4443-a113-494b6b9d4cac,sconce.space,premium,,,78,76,6,,,
30c2a461-d42d-405a-bfc1-a3bfd51e6a16,fortifies.space,premium,,,40,4,9,,,
0444fc70-3fd7-4746-bbc6-7981762e7ae3,maximumsecurity.space,premium,,,54,76,16,,,
e5d92ad9-1368-420d-a738-da3fb3fa693d,closes.space,premium,,,50,16,6,,,
08d101dc-98d8-435d-83d3-647b2155a043,workforce.space,premium,,,66,80,10,,,
bedbfb7d-140a-4b34-9239-815dad0ffda5,sitabout.space,premium,,,,1,9,,,
ad2ebce4-8b5f-4d67-8893-130fa6b93e56,poachedegg.space,premium,,,62,72,11,,,
e7d6362a-021c-481e-b40f-7a588d278aaa,ways.space,premium,,,78,16,4,,,
a1ff1dd1-d0cf-4257-a386-667c36f08b81,janefonda.space,premium,,,70,72,10,,,
5a9bfdd2-6e88-4ac0-a42c-3f6740cfa6cc,changers.space,premium,,,34,40,8,,,
82b9a861-6233-4ca2-b02d-2146fa6730d1,clutching.space,premium,,,58,68,9,,,
56a470a6-7717-4b2f-816d-c7790015e89f,Clarke.space,premium,,,52,56,6,,,
f93c7e35-ca34-4888-a4f3-62b368155813,mystical.space,premium,,,60,88,8,,,
bb4747b8-dd88-481f-8bc7-bd1650360ade,seetee.space,premium,,,,80,6,,,
2a277692-8155-4943-a247-349be6ee5b5d,cannula.space,premium,,,60,68,7,,,
65cd29fe-c0d5-4a7b-bf08-74b96b4d84d4,gardencentre.space,premium,,,74,3,13,,,
aabc202b-cfb1-4186-ba4f-749488d103e9,yeartodate.space,premium,,,,72,12,,,
456d4702-e46f-4d65-a34d-74aad1cd1279,discriminating.space,premium,,,62,1,14,,,
028833f2-ae20-465f-ba5b-74d0ce53443c,latebloomer.space,premium,,,60,80,12,,,
46ec3856-88a2-414d-8104-6b8eec6e2152,orbust.space,premium,,,,76,7,,,
e1000b77-2a12-42cf-99ea-6f3c2ce9995d,closequarter.space,premium,,,56,72,13,,,
47fcc246-5d30-4607-b60f-d1d51f582c78,drydocks.space,premium,,,36,12,8,,,
64b2bde0-0d1c-4ba7-afb4-e5c2e02eef74,lovebirds.space,premium,,,54,48,9,,,
9c74a959-b32f-41c0-a2d7-6e41933bad9b,bluebutter.space,premium,,,62,72,11,,,
1ce4937c-e11a-4cd3-bb99-6e24fcf71c8a,boxofmatches.space,premium,,,40,72,14,,,
52b43ee5-93fe-41c5-a804-53910d511b27,carryingaway.space,premium,,,36,72,13,,,
f55faf14-f7ca-441b-83a3-f3b53503895c,dazzled.space,premium,,,58,76,7,,,
ba678da3-1aaa-428a-9510-f771d0892552,reinstalling.space,premium,,,,4,12,,,
84a5c745-ec2e-4821-adb4-81490b1246d6,justintime.space,premium,,,64,16,12,,,
3b867dc2-6b60-462b-b797-98a2891a51de,youngling.space,premium,,,68,72,9,,,
176e9e49-6a60-422d-b158-4304c8a95c4a,highcost.space,premium,,,60,68,9,,,
812d6559-05ad-49d8-8745-b7ca3943118c,liberalconservative.space,premium,,,68,76,20,,,
3babda24-2fb0-45bf-a5c8-545b03b7e4ed,pennyarcade.space,premium,,,64,80,12,,,
b9169970-89ca-434d-a0ff-2f87e067da78,sacramentalize.space,premium,,,58,72,14,,,
583c8d46-b1bc-4558-8d1d-e8fdf3c7dc1f,cobblestones.space,premium,,,38,32,12,,,
109830c3-066f-4e29-926b-850a31ac670b,curated.space,premium,,,68,76,7,,,
a2585804-be96-4c55-8c58-611c65be7679,lookoutforsomeone.space,premium,,,60,4,20,,,
b74d7e61-5aa2-42f5-a456-91e88638997a,pestilent.space,premium,,,38,2,9,,,
0c03c2a4-6bd6-4315-941e-3a3c493d55ab,gowoo.space,premium,,,48,12,6,,,
04cd50d2-e067-47f6-9656-21855d6cde97,animately.space,premium,,,46,40,9,,,
12a6e98e-50a8-4c7e-a827-8ffc0d1b96ac,hotblast.space,premium,,,56,72,9,,,
1d9c0a75-5487-4563-9421-f7db50d58af7,nappe.space,premium,,,82,72,5,,,
2548d4b3-df34-4370-96b3-b0ea41341708,edmonton.space,premium,,,58,80,8,,,
83d11038-709d-46ae-a6dc-b4fb830a6a88,mortgager.space,premium,,,54,80,9,,,
11b72076-d0a8-4007-911e-2e76b8e019ed,suggest.space,premium,,,86,12,7,,,
f93fb72c-2145-4764-b766-7a2a6928dc5c,compacted.space,premium,,,56,72,9,,,
e1efe5ad-3ed6-4065-af8a-3637870a91d9,overreading.space,premium,,,54,72,11,,,
bd141417-1898-4505-8916-ef93c448daa4,datadictionary.space,premium,,,56,80,15,,,
f7d181bd-2ac6-4f1a-bd77-149cacd2bef5,manabouttown.space,premium,,,60,76,14,,,
71fee974-e278-4e0f-a05f-476dd32a31f3,maharanee.space,premium,,,60,72,9,,,
d7450587-23a1-4136-bfe6-4c1b369c4a48,Internetcafe.space,premium,,,62,72,13,,,
49a6b4a8-7881-4ec8-b29d-d05abc67b2e2,babyboy.space,premium,,,68,76,8,,,
bcf5be4c-4226-4cc1-a786-719625a75442,incalf.space,premium,,,56,72,7,,,
b15bee68-ecf8-44db-a017-0b1da7905d23,fossilise.space,premium,,,62,72,9,,,
99df669e-fb32-4011-bad9-af076e3e943a,lightduty.space,premium,,,50,72,10,,,
67a35fcc-3016-4b90-8ab5-074795599911,worth.space,premium,,,76,24,5,,,
ad788e37-e452-481d-9bf1-20ef557b59a8,watercourses.space,premium,,,,12,12,,,
3afd7aa7-89c4-4a29-b30c-8124611d567d,yaboy.space,premium,,,50,72,6,,,
89a2eae3-530a-49e2-b862-0fabc37d0bbc,simplify.space,premium,,,74,30,8,,,
4b80155c-fc38-43ac-8b97-0637138c43a4,hottie.space,premium,,,62,84,6,,,
8a47f6fe-1359-448f-98d9-209d9f187513,LowerCanada.space,premium,,,48,72,12,,,
4a7f36d1-52d0-4ef2-8a6c-64a7a530a125,sugarpine.space,premium,,,56,76,10,,,
dfdb4375-41a8-41ad-9f25-b7bf690cae34,Parkins.space,premium,,,43,80,7,,,
5ae7a3f1-3ebd-4e54-838f-0ef19e8adf44,rockart.space,premium,,,,84,8,,,
9afd0d4d-7794-46e7-a413-49dbd3d357f2,littleknown.space,premium,,,62,72,12,,,
77dbcfd7-b327-4387-8f21-081484239301,staveoff.space,premium,,,56,72,9,,,
12416ccd-79bd-4a5c-a5e3-3f81683dcdbd,capandgown.space,premium,,,54,20,12,,,
d072bbf6-95b0-49b0-a517-406cb407e97d,access.space,resell,,,98,45,6,"DNSPod, Inc.",19/06/2023 00:47,19/06/2026 23:59
c75e812d-6d14-4b51-b42b-1c40a9d6d1a8,interagency.space,premium,,,68,76,11,,,
2fd990b4-77c4-483d-8d92-dc2c4ff067f7,Archimedeanspiral.space,premium,,,60,72,18,,,
e9d5697a-1153-4437-819c-0476d28ed7e3,azteclily.space,premium,,,64,72,10,,,
e7732801-3a3a-4533-8928-b360c02cad4f,BRAS.space,premium,,,70,13,4,,,
3ee596b9-4805-4fcd-8e20-78c60b9bb9a9,surrogatemother.space,premium,,,66,76,16,,,
5b44fa96-f4fa-43ad-b839-ea576e5587ab,surmountable.space,premium,,,66,84,12,,,
fda9c5d0-6b1f-4a3f-a1e4-c536908dc385,biosynthesize.space,premium,,,60,72,13,,,
743d556c-9c8f-4a88-bed8-fa1992ac1989,semiformal.space,premium,,,78,72,10,,,
e6aa08ca-89b3-4385-a150-16732617abeb,versace.space,premium,,,66,92,7,,,
6fc744b0-ea19-47e1-8a6c-44fd9e9876f0,brevity.space,premium,,,60,84,7,,,
05b5653e-fabc-4a9e-9a2a-26b06ef9c9d0,birthdaybook.space,premium,,,68,80,13,,,
6f0b62f2-93bb-4757-9640-d6e7c83705ff,bushsunflower.space,premium,,,62,72,14,,,
327c1b2c-929e-4615-8629-0887b32cd3e1,keeptime.space,premium,,,72,4,9,,,
f956dadb-231c-444c-8aba-8e402da92e03,skibindings.space,premium,,,,8,12,,,
3e382a57-ab84-4166-bdf0-1c7ddda4353f,course.space,premium,1625,6500,114,28,6,namecheap,,
6c3a7397-c0b6-4ca2-9bd6-febb5e3d11ed,mildly.space,premium,,,56,76,6,,,
7d6fc1bc-36ac-4665-bd67-48980973363b,annular.space,premium,,,54,3,7,,,
4ec0ad94-805d-4781-92f3-25b86b55f276,kotex.space,premium,,,64,80,5,,,
464b15cd-0f0d-4ce4-9b47-1e4c70f27cf3,Giovani.space,premium,,,52,88,7,,,
f62209ee-d75b-4d97-9bc1-06423e6dc14c,inchargeof.space,premium,,,,1,12,,,
09b78129-22d7-4829-8f3e-07e683e3574c,couponning.space,premium,,,54,8,10,,,
8924a616-29c4-4552-8f42-bbae11075f78,readathon.space,premium,,,60,76,9,,,
3d31909d-9e07-4970-bfb6-e12fb4f473c9,FreeKirk.space,premium,,,48,72,9,,,
e55c9623-e290-4704-8a0b-a7038cbe3d47,abroad.space,premium,325,1300,92,13,6,namecheap,,
954a219c-bd7b-4163-bbe7-82a6d1ec0343,stockingfiller.space,premium,,,70,76,15,,,
7545feb0-9cf8-436f-88ff-36e50316c415,entendre.space,premium,,,56,72,8,,,
ed426756-2c4f-4fcb-b968-78a61e62926e,orangery.space,premium,,,56,84,8,,,
be71e069-913b-425f-a0ce-41cb6d4db3c8,USBmodem.space,premium,,,64,72,9,,,
ad44d8bb-6df1-444b-a501-cc8f1a49e018,NativeCalifornian.space,premium,,,74,72,18,,,
f20a76f2-5a3c-4274-abc3-982f4a60cf88,checkbook.space,premium,,,64,76,9,,,
cc019ed2-7eed-437a-819f-63796bbff68c,composting.space,premium,,,62,28,10,,,
d3ab233f-6a6b-435e-9e11-08e87d9e52de,silverglass.space,premium,,,,76,12,,,
1d01bfe3-ebb3-4a2d-9a15-c64133569cb9,realestate.space,premium,1625,6500,,42,11,namecheap,,
404538e5-54be-4443-80f2-70d2a5e25b63,thirteens.space,premium,,,,16,9,,,
f21c3fdf-a12f-474c-a3eb-87ba0233afb4,kaaba.space,premium,,,50,72,5,,,
9ece2e2a-5648-4806-b1b6-889f5b79d84b,journalist.space,premium,,,58,76,10,,,
9f32186d-a2ce-41e9-bf8d-fb54f858e343,bearingrace.space,premium,,,40,8,12,,,
e6d6a123-8c1f-4325-998b-f4d7e9af2d14,foundobject.space,premium,,,58,80,12,,,
34092be8-7c2e-47c0-9462-80b2aee9452d,spalike.space,premium,,,68,72,7,,,
cff1c0e2-bb22-47fe-b7ba-a13aab0f83e6,vernacularname.space,premium,,,56,72,15,,,
7d92e78e-2f8a-4141-8385-7d2fff891fbd,tresleches.space,premium,,,,84,11,,,
aff9200e-2bbc-4809-88ef-92f2a9c9034a,lucretius.space,premium,,,52,76,9,,,
5f7444a9-fe69-4fd9-8be5-b86ef669247c,penalty.space,premium,,,64,80,7,,,
0832ff45-3ad4-4e2b-bd72-40c2c8d09f2f,theskinny.space,premium,,,54,84,10,,,
8c9dd986-37bb-4ea9-a034-b90d601c6d59,stopgap.space,premium,,,100,76,7,,,
fa81401d-2245-41aa-add7-5941a402ca7e,jacks.space,premium,,,54,19,5,,,
a8702d53-fe4d-453a-896d-904f6259e406,welltimed.space,premium,,,50,3,10,,,
525648a1-38ce-4d77-b4d9-5c9e4c0862c6,woodshop.space,premium,,,54,88,8,,,
250381fc-f5e1-4e82-b35a-aa3a7b51c061,fundamentalparticle.space,premium,,,56,72,20,,,
57f34d8e-9b1e-4fbb-b34d-f5dca9b479f5,printing.space,premium,,,66,80,8,,,
f7795859-8e59-46a4-8c29-2790787cd5cf,brandname.space,premium,,,62,80,10,,,
47cf6cf0-b08d-4689-929f-e758a7500125,regulardividend.space,premium,,,56,72,16,,,
4472e0fe-da79-4dec-927c-c6422f229cef,deepfrying.space,premium,,,70,4,11,,,
b4245a34-2d41-4d8c-89a9-5ce9a8bc471d,hindu.space,premium,,,76,76,5,,,
7628e181-8218-4a09-8796-7a5fb5cb7c5a,JoeSoap.space,premium,,,46,16,8,,,
04d194a7-4288-4e9e-9053-e8575059a4a4,publickey.space,premium,,,56,84,10,,,
e5d8b5d4-a5a0-49e1-ae15-e6ed5b223cc9,porkcutlet.space,premium,,,,12,11,,,
69ac6c7d-81e8-4d34-9d1b-9065190292a4,lunar.space,resell,,,86,39,5,West263 International Limited,20/11/2016 15:14,20/11/2026 23:59
f2c312bf-8d78-4eff-8276-22feaf9d5480,spigot.space,premium,,,78,80,6,,,
7da81626-331c-4e25-9296-7c7a4ebee2fc,ambling.space,premium,,,62,72,7,,,
63ad21b8-6bca-47d7-8658-1e577176e05a,jokearound.space,premium,,,64,8,11,,,
6d4eed78-af26-4969-8614-72d5bbf97ece,waterweed.space,premium,,,52,72,9,,,
99e2ff9e-02f0-45d8-8cfd-63eae872c8bc,chiefofstate.space,premium,,,64,1,14,,,
4984ee1d-eed6-4970-8492-9552f0babe6a,beafter.space,premium,,,60,72,8,,,
1860a5a0-8808-4b22-82a2-b89311946162,brightyoungpeople.space,premium,,,68,72,19,,,
803f0792-e6dd-4d7d-b5ed-4722ae13c3e8,vasectomy.space,premium,,,56,80,9,,,
14ca6306-2a50-4ce5-8b25-c287adf1a6b0,polyrhythm.space,premium,,,,40,10,,,
600dd038-7d29-4e7e-a14e-fd403e62baed,texted.space,premium,,,,4,6,,,
7c2181df-43b4-4854-828f-6bbbd7422657,rushin.space,premium,,,,28,7,,,
257356b0-8614-4c47-96bb-a49fa5234be0,veilmaking.space,premium,,,,4,10,,,
16480144-b3d1-446f-a935-64db85930ec1,folkpunk.space,premium,,,58,16,9,,,
0c7b559e-ceab-4c3a-a757-72365a390201,cater.space,premium,,,62,80,5,,,
ec585193-ab69-443e-9b53-1a814db999af,moms.space,premium,,,74,28,4,,,
f0cfb811-a5ac-4070-a046-7d5c5b3ce973,descendancy.space,premium,,,54,8,11,,,
aec9d4cb-721a-4afd-b36b-6bac41abe18e,compliant.space,premium,,,69,12,9,,,
6904ab41-5c6d-40f0-97ae-9cacff96e919,gristtothemill.space,premium,,,50,72,17,,,
6245802b-b556-443a-a702-4d2f4e4ea4c7,beatasone.space,premium,,,62,72,11,,,
2774e173-60be-41c7-850b-fb5d1279bece,films.space,premium,,,46,48,5,,,
c163c13e-4fd7-4f17-8027-4afa09b5b2d0,rustle.space,premium,,,82,92,6,,,
557d104e-2bf6-4ea1-9ff1-78814ce10131,Yarmouth.space,premium,,,48,80,8,,,
c4cbd72f-2030-433f-9ae5-a154ea7f7298,BookofMormon.space,premium,,,58,52,14,,,
f61c7936-95b5-4ccf-b422-20c1048c0b44,racist.space,premium,,,58,8,6,,,
0bce1e79-6347-4210-a30a-95b1f7010d49,glamorization.space,premium,,,64,8,13,,,
39584888-c383-4fd8-a260-8be295efc9d6,Flags.space,premium,,,50,15,5,,,
a0abb968-10a9-4e0a-bfac-3f90c3ce834f,drillinstructors.space,premium,,,46,8,17,,,
5d0740f7-79fb-4923-bbf3-a83fdf6b951f,graininess.space,premium,,,56,72,10,,,
34f075e7-596a-47b2-8ad2-ad0bfa01f91c,highcarb.space,premium,,,46,12,9,,,
46ee9b99-5e11-4cb3-8f5f-bc3ee7bd285e,nevereverhaveI.space,premium,,,56,72,17,,,
e7f2fb21-32b1-43d5-8124-6d9a3b873977,clxxv.space,premium,,,60,1,5,,,
c795ed5b-9a31-4d80-a43d-0eee0cfce7e7,corebit.space,premium,,,52,80,8,,,
a58a0de5-6e8f-4ea1-8228-c7137658d238,flatsigned.space,premium,,,50,72,11,,,
54023202-72b3-4ac9-9e95-ecca2d1c7c52,virtualmethod.space,premium,,,62,76,14,,,
e19f070c-68a5-4bf7-a728-09615d6473b8,truthtotell.space,premium,,,,72,13,,,
1da2aba7-3168-419c-8aee-7d45484c4153,makeitmakesense.space,premium,,,54,7,18,,,
e61f81e3-2d16-4732-a58e-8b2fd154f57c,changesides.space,premium,,,66,0,12,,,
5083716b-b1b9-4d34-bd51-acd87e3b22fe,onewoman.space,premium,,,,68,9,,,
51707018-9251-41f0-bf2d-59e28dabbc7c,tympanicmembrane.space,premium,,,62,72,17,,,
c53d308d-20e4-4d73-a58e-33ed7a9b92f5,rocketry.space,resell,,,56,80,8,"Porkbun, LLC",10/08/2021 20:11,10/08/2025 23:59
87272430-7329-4794-9a6b-7c9396102607,shocking.space,premium,32.5,130,68,8,8,namecheap,,
4ba8c385-1681-48d1-9acd-bbce6eadd79c,NewColumbus.space,premium,,,,72,12,,,
af42d554-20b4-4c10-8d1a-89eec12feeca,cometolife.space,premium,,,76,3,12,,,
3f6bfa37-70a2-4e33-82e9-155038a44366,raisin.space,premium,,,56,80,6,,,
ba30387c-fb0c-40c0-ab9e-01b042dfbdb7,motorinsurance.space,premium,,,64,4,15,,,
df18668c-f9b6-418d-8952-131f321aacfd,explanatoryfiction.space,premium,,,54,72,19,,,
9be2e2ea-906d-4754-ab81-d9f63b1d11bf,winterblues.space,premium,,,,1,12,,,
f1b44a77-dca4-45dd-8364-b378ef9dc5c3,featherpen.space,premium,,,60,72,11,,,
69a2545f-a865-458f-89ec-963a4daf822a,airpotato.space,premium,,,64,72,10,,,
4cc34cdc-0af0-4d17-9e14-ce0c0b932c0e,curlingtongs.space,premium,,,64,8,13,,,
8d7f4c4b-41e1-4cdf-8398-c89d2d792a0f,commonoctopus.space,premium,,,62,72,14,,,
1ec926ef-38d3-40f9-9b00-71c4337f33ab,learnbyheart.space,premium,,,50,76,14,,,
5c6343e3-1a5d-4990-86cc-f4d2c0fed744,prodigious.space,premium,,,62,80,10,,,
acc59fcd-230c-49fd-89e4-f18b89a16ad4,teslacoil.space,premium,,,58,76,10,,,
dbb5cfce-a013-476c-a7c5-502e6fea5472,sexrole.space,premium,,,,72,8,,,
62aa65b0-84fa-4ea0-8986-b2fe910d12b2,Smoggie.space,premium,,,58,72,7,,,
f3119f86-5015-4597-9334-ca9b3dc3c3f5,vertebralbody.space,premium,,,,8,14,,,
297bcbbc-2bab-4ff5-a322-8806f2bdaf5d,employee.space,premium,,,74,19,8,,,
5f3910d3-8e49-468b-899c-630170f94e54,fiveKs.space,premium,,,62,72,7,,,
591eab81-11b5-4107-bfa9-854c06bb58e0,majusculewriting.space,premium,,,60,72,17,,,
13c876e1-df48-4ac9-bd15-74d07886b33a,PuertoRican.space,premium,,,,72,12,,,
d75e6e42-d38f-4a33-a2b8-b89283193499,clearancehole.space,premium,,,64,72,14,,,
b2533220-4765-4806-9163-141f69b230ad,Jolie.space,premium,,,58,76,5,,,
d9a37664-f4d6-4528-ab49-63a607f3b61f,guinevere.space,premium,,,48,76,9,,,
5073d7b3-acc3-438e-8a68-3d3c51dda81e,wonderwall.space,premium,,,74,92,10,,,
789f402f-49e0-4ec1-b893-44085e302596,roadcycling.space,premium,,,,24,12,,,
1e14e973-f48c-4c65-92ef-af489c78b34c,sensitised.space,premium,,,52,72,10,,,
a369d42e-fca6-49ba-bdc6-834d89796a8e,courage.space,premium,,,100,23,7,,,
89e893c2-914a-4bb6-8cc4-5881281cc317,aphonic.space,premium,,,63,2,7,,,
e9482712-ad5d-4e39-ad05-8212aadf1d63,ruhr.space,premium,,,52,76,4,,,
1a752f4e-dec7-4a2a-ae7a-4b751c96c8ea,acrobatics.space,premium,,,64,80,10,,,
7e03fc3c-4f4a-4b66-aaad-99f25646a316,accomplished.space,premium,32.5,130,74,7,12,namecheap,,
f289c6d2-4dd1-468d-ba48-5def8e125d6d,coverstitch.space,premium,,,36,8,11,,,
4ad84304-e5f3-45e6-ab74-c85d173bab8e,calender.space,premium,,,92,6,8,,,
bfe9de50-b531-470c-a654-0c2fc4f3e7ba,GenerationZed.space,premium,,,74,8,14,,,
4ea8ceae-336b-4d73-b9b7-9f41d950690f,Wendi.space,premium,,,60,84,5,,,
8a77c436-5ff1-4a9f-8252-d928c4d49d0d,DVM.space,premium,,,62,84,3,,,
49772374-c401-495b-b1f8-2bd59deb464b,windshieldwiper.space,premium,,,60,72,16,,,
b5d5072f-1bec-4055-bebc-5d0ef559bbd4,reliableness.space,premium,,,,72,12,,,
ea9bd9de-012f-462d-bfdc-7fbc8bafa41c,obedient.space,premium,,,72,76,8,,,
83e35cd4-d36e-45f6-a942-5c241ad466ba,schweitzer.space,premium,,,50,88,10,,,
6a9e8c16-ac38-45e4-84b9-b3b33d7ad16f,alcohols.space,premium,,,46,4,8,,,
8fdaf4a9-d6ac-4c1e-868b-afc9fef07185,wraith.space,resell,,,60,92,6,"Go Daddy, LLC",23/10/2017 04:55,23/10/2025 23:59
b1fc0b70-a79a-4f3f-b54e-cee02961ec2c,guesthouses.space,premium,,,46,12,11,,,
f6440b4e-bc17-44b1-bab9-00f1daf540c1,batboy.space,premium,,,56,76,7,,,
ff3895fe-bdfe-4076-8334-49ee32fb8870,nonsymptomatic.space,premium,,,,4,14,,,
6e1f1794-8fd7-4fdb-97e6-7b70281976c3,suggestions.space,premium,,,,44,11,,,
d7183761-ea67-48b8-b7ff-862ca86aa07b,streaked.space,premium,,,52,72,8,,,
8ff23326-2d92-424f-b7fb-aaeb45b102b4,rimy.space,premium,,,53,76,4,,,
ff1040b6-a441-43b2-8351-93bec7818363,takeonfaith.space,premium,,,,20,13,,,
4aa40369-321d-4157-807e-7096664dc4e0,trebleclef.space,premium,,,64,72,11,,,
91d304c0-f327-4e33-8ac6-1d9613e3a224,drippainting.space,premium,,,56,8,13,,,
699ef7b8-e2bf-4e23-a724-45e451602238,sootwart.space,premium,,,54,72,9,,,
eeb9581e-4e70-4bad-bb45-eebf70e71fac,acidulousness.space,premium,,,54,4,13,,,
5211c7c1-7932-433a-8881-382bde553225,pushout.space,premium,,,58,72,8,,,
91bf2d21-65e1-4a37-84ec-a4ebedbd200b,coldly.space,premium,,,52,4,6,,,
5e96b411-5194-4a5e-b55b-ea7ac83d4e85,OlympicRings.space,premium,,,,76,13,,,
3ac3e734-5d9c-403b-b4fc-4a0bc78f1046,devisal.space,premium,,,58,72,7,,,
de6804b0-a9d2-455c-a9ae-6d8622b7eb59,shrouding.space,premium,,,62,72,9,,,
7881926a-6dd8-4db9-b870-1ec7869e8e8e,reel.space,premium,,,58,84,4,,,
97c7991b-1c42-43d3-8d93-b2b56b1c4e6a,artistic.space,premium,,,78,19,8,,,
2a9e86ed-3305-4a41-b61e-e0d4fda002b7,reschedule.space,premium,,,64,76,10,,,
763fb0fe-a009-4f4f-bab0-1e5765d9c86c,customertocustomer.space,premium,,,56,4,20,,,
49d6a552-e477-4fc8-9e04-84999214d25f,robots.space,premium,,,,47,6,,,
b1f17c4a-6a96-4dda-9e1b-da166e3ab1c1,severe.space,premium,,,56,8,6,,,
bd0eece1-0140-48dd-90d6-c5adabcc9984,retouching.space,premium,,,66,72,10,,,
ac95250a-4c87-433f-ba73-d58519211ca4,handoverhead.space,premium,,,,72,14,,,
de73fb14-0882-4ff2-b81c-3507202835cd,verbosely.space,premium,,,42,76,9,,,
2dab3f9a-c814-48ab-9535-eb2e51e0b028,partyspirit.space,premium,,,,72,12,,,
77e4e109-4fe4-4c97-85d3-a1bbf7b4174b,cracking.space,premium,,,82,6,8,,,
2a007e36-bb75-470d-9d26-65e649c4ca7f,netbook.space,premium,,,60,84,7,,,
939366ed-46f4-4c84-841c-d838d6800c5b,priceisright.space,premium,,,,84,14,,,
beb5316f-5db8-4689-b9e0-7027575cfe44,trek.space,premium,,,66,84,4,,,
4800b9d6-32b8-4736-8aaf-99cd1ad5cb17,soundproof.space,premium,,,74,76,10,,,
fcbddb57-4c8b-4ff7-9e73-c8415567ae8d,pool.space,premium,,,66,39,4,,,
0ae03335-aeca-4c12-9e17-200a6ecc9dce,ladyship.space,premium,,,54,76,8,,,
efae8a62-ab76-407c-83de-9db087f58da3,mixes.space,premium,,,40,44,5,,,
bf4aa6a7-3ca4-4960-94ee-647992691a4f,sidegig.space,premium,,,62,84,8,,,
11ead713-fba3-49d3-80e5-31720bff801d,cru.space,premium,,,68,88,3,,,
f48c1516-5b4b-4403-a761-dc5400a0fd22,violon.space,premium,,,,80,6,,,
71848ad7-a8c5-4309-a459-e6ac4b4789e6,crackon.space,premium,,,60,80,8,,,
70e5aefc-b858-458c-b916-48a6f3803d98,radarcrosssection.space,premium,,,56,68,19,,,
7173d8e2-b44d-4f38-9075-10d831b847b1,bottleable.space,premium,,,50,72,10,,,
3162b96d-8092-4ee5-95d3-411e3bb6f88a,chillipepper.space,premium,,,62,72,13,,,
90c9b976-d094-44a4-9ba9-3d62c94218d3,leafstorm.space,premium,,,54,72,10,,,
3e37b2c1-ad53-4461-b845-8134df5d8ab8,sigmoid.space,premium,,,76,88,7,,,
6dfd15a9-fda8-401c-b897-8e73e83170a9,evangelise.space,premium,,,70,72,10,,,
bb96454a-30ef-4aa8-a7b5-5ef4c1663c8d,advantageground.space,premium,,,52,0,16,,,
d75b3160-baf7-4d48-b44a-5914fc131558,addition.space,premium,,,70,11,8,,,
df3bf66c-6284-4af2-8e5c-c449267cdeaf,assistive.space,premium,,,44,6,9,,,
f42dd28c-4c8d-4331-99b8-56245a8c1873,postalorder.space,premium,,,54,72,12,,,
3742fd39-f237-413f-8306-e568628f2bb4,georgian.space,premium,,,72,80,8,,,
37b12af7-f579-4233-8534-bb96f87713b1,soybean.space,premium,,,,76,7,,,
5f0babee-2977-4b59-bf0c-7e15c0e40c05,dejeuner.space,premium,,,82,76,8,,,
19f8d974-2fec-4970-be5c-cd30dbf327e3,windcheaters.space,premium,,,,12,12,,,
da0e74be-6369-4edc-8cbe-ea064a8c7f70,takeawalk.space,premium,,,,80,11,,,
834c0e1b-eaf8-47aa-99b7-0cce94b763d9,winorlose.space,premium,,,,72,11,,,
3f3ff2a8-09e8-4a4c-b5fc-96daa1a18ee2,plethora.space,premium,,,54,80,8,,,
a7ce9a57-84f5-49d3-82c8-07d61f6f408b,pickupcover.space,premium,,,56,72,12,,,
41c709e0-85be-4eee-8985-94a8918e2513,hightide.space,resell,,,69,13,9,"NameCheap, Inc.",12/11/2025 19:18,12/11/2026 23:59
e5009979-8cd2-4f9f-893f-7b64cea93d91,bodice.space,premium,,,60,72,6,,,
de4dc566-66f1-4081-8c71-255c5f251a97,halfyearly.space,premium,,,56,72,11,,,
a0c37d3b-c198-4cb8-ad6c-d877a4fe3143,WestTown.space,premium,,,,80,9,,,
d036c3ae-0b37-4250-9c07-da1b3756c719,pencilcase.space,premium,,,60,80,11,,,
9f719bdb-53ed-4736-b541-16ccf3e12fe7,LittleRiver.space,premium,,,54,84,12,,,
811d8322-32c4-42a7-8102-fecfc3a6bed1,mountainbiker.space,premium,,,,80,14,,,
7b230566-3ab8-4883-93cd-39bf7998a83a,ghoststory.space,premium,,,70,72,11,,,
c3803998-9bd5-4dbe-bfda-89ea2c3a70ac,springforth.space,premium,,,,72,12,,,
ceb35cec-f1ca-4053-9554-2fbfa0b51da6,playpendulum.space,premium,,,,4,13,,,
5387f621-f493-42bb-beee-2e79a00beb63,smartaleck.space,premium,,,,76,11,,,
1029d08c-3cd9-47e2-9503-d790f94291db,pythonlike.space,premium,,,48,72,10,,,
248361dd-7bcc-40a7-bd00-d9349f5d6fbf,selfassurance.space,premium,,,,72,14,,,
f5430fcf-ea7a-4dad-88e1-c9d5e936445a,plates.space,premium,,,,80,6,,,
c47f98b8-0fd2-4062-b5d1-5a8b1caf0aeb,finalization.space,premium,,,56,72,12,,,
6824b0a3-a7b5-40f9-8699-ce7bdf69140b,immemorially.space,premium,,,40,72,12,,,
31c7dc3d-27f7-428c-a68e-5cb668422e6c,intermediary.space,premium,,,74,76,12,,,
d079188b-a738-400b-9740-b94796b7bac2,replica.space,premium,,,66,76,7,,,
32cc7412-42f3-47fd-a05f-86b179c1e250,marriagecounsellor.space,premium,,,62,72,19,,,
21bb9767-a94d-4b53-ad6a-221c971f24b6,spokespersons.space,premium,,,,16,13,,,
7df72634-6be1-4ecf-a74b-4d23d7929917,decaffeinate.space,premium,,,62,76,12,,,
acd5c76a-50a9-4ce4-9c3a-1a3a06f3a0cf,toydog.space,premium,,,60,76,7,,,
59211f47-fc3a-4afb-9548-1a985980424f,baselinegame.space,premium,,,34,4,13,,,
c2036d80-7a0d-4424-8fa0-33277247691b,palabra.space,premium,,,56,80,7,,,
eaa83aa9-59f5-440f-806f-af203f5b099f,protocoled.space,premium,,,,12,10,,,
9bb13539-5364-4232-b44b-5c5c8c0e87ff,disinflation.space,premium,,,52,72,12,,,
9aac9117-19f2-4e3d-b5bf-a8d218d8e1fa,ingest.space,premium,,,82,84,6,,,
dcc9ecd8-00b9-4e94-b9a6-1595dddac9fc,gelato.space,premium,,,78,76,6,,,
ef8bb744-0cc9-41b3-b1e6-45db96676555,vividity.space,premium,,,,16,8,,,
e7f3ac69-48f1-4608-af1f-2cdd26487729,Costanoans.space,premium,,,42,8,10,,,
52a447da-3eec-4ac7-b91e-d93faa0212f3,informally.space,premium,,,58,2,10,,,
cb4d70df-f87f-4102-86a3-a7d23f14804a,DVDRAM.space,premium,,,46,72,7,,,
48fd4fca-dab8-44d4-b4aa-4e812e5c3499,dothehardyards.space,premium,,,36,72,17,,,
5439882b-07c7-4d78-9687-f93978c19759,turnagain.space,premium,,,,76,10,,,
588cfd53-4e30-459a-9e37-73008694579f,caravan.space,premium,,,92,96,7,,,
4d4af4de-0222-4abb-8c2d-dacc0183dc75,reorient.space,premium,,,72,80,8,,,
51de8ae0-68fc-4e37-8334-5189b36af2c4,destressor.space,premium,,,62,72,10,,,
b5886cd3-e58b-479a-bd29-85f2501e7417,booklike.space,premium,,,52,72,8,,,
726918c1-cbd1-42f5-99c7-0ef91331caa8,heatunit.space,premium,,,56,72,9,,,
7dfc861b-46ea-48c3-afff-cd980684e002,downplaying.space,premium,,,54,72,11,,,
17b5ffe2-272b-4f74-8221-d8b3948a9817,Goldmanroll.space,premium,,,54,72,12,,,
474d46af-6c93-48f7-a394-c68513be371c,CountyofCasey.space,premium,,,38,4,15,,,
921ffb85-d06e-43b7-a446-c80196f7db8b,holographicwill.space,premium,,,56,72,16,,,
9c96d2fc-df5a-4e2d-9f60-ece35e501662,onhorseback.space,premium,,,,8,12,,,
97552306-9a71-4ac7-9692-0c3041ec76e6,fledge.space,premium,,,80,84,6,,,
1c3732a3-535f-47e9-92b5-4e4887185d2a,affectioned.space,premium,,,60,72,11,,,
864c27a3-2270-4c89-b3f9-81319b56fa8f,nonplaying.space,premium,,,,4,11,,,
9839d5a9-81c8-4e5e-b26a-cd39d91342fd,neontube.space,premium,,,58,72,9,,,
3024030b-0a0b-4962-abb3-de38632ecf44,deepfatfry.space,premium,,,70,4,12,,,
4289bd72-89aa-422f-97a1-f6d80118bdbd,lamps.space,premium,,,50,28,5,,,
454fad6f-f64e-420f-8079-0d33d7d3005f,trot.space,premium,,,62,84,4,,,
500c9430-782d-46f3-a0ee-36d7559faba4,meaning.space,resell,,,96,17,7,"Global Domains International, Inc. DBA DomainCostClub.com",14/08/2018 15:05,14/08/2028 23:59
71b8cb7c-8d36-4ebb-a706-ba779a005ab7,Cinderellacomplex.space,premium,,,56,72,18,,,
46cdb5b5-d209-4e17-a18b-2bb011a45748,brickover.space,premium,,,58,72,10,,,
66918be5-6500-46c1-89f2-ff374d9fb177,loads.space,premium,,,72,10,5,,,
8e802aaa-6589-4236-8ffb-560b70931ee4,sharkcatfish.space,premium,,,,72,13,,,
ea867e7e-36a8-4784-83c5-0b0470624ff8,luxurious.space,premium,,,66,72,9,,,
18146a7c-2369-436a-a8bd-44e35ae9fe4f,maleplug.space,premium,,,62,72,9,,,
8bb7e790-9f3d-48da-a806-c975c5614358,bennie.space,premium,,,62,80,6,,,
0b0cbf7b-c40c-4edc-a7de-dfa77d6abcd9,functionoverloading.space,premium,,,54,72,20,,,
786d18f0-77d4-4915-a0bc-26fad4ecc4ae,foundingfather.space,premium,,,76,1,15,,,
3bdca99f-ffc5-4f4e-837b-559dec984e4d,bookboy.space,premium,,,54,72,8,,,
ccd162a9-7be6-4479-af2c-257cbc894353,faceon.space,premium,,,44,72,7,,,
9ff8364f-a263-4c88-bcbf-d2beff6584de,simulation.space,premium,812.5,3250,60,92,10,namecheap,,
d35055f9-3248-4b2c-84d5-e6069f09ac80,trapezoidbone.space,premium,,,56,76,14,,,
4a76bc2d-de6d-4586-8455-8e48473afe7e,beowulf.space,premium,,,56,80,7,,,
e4374af0-9d46-4c14-b2a6-bd680ef80712,BlueEarth.space,premium,,,56,80,10,,,
ea3a96c0-410a-458c-97aa-f2058ad5d0f5,altarcross.space,premium,,,36,72,11,,,
a5d39937-6585-4898-a4aa-7c11023f81b3,grocerybag.space,premium,,,64,80,11,,,
cddd5212-5bcd-474e-96ec-0f613629c319,asopposedto.space,premium,,,50,1,13,,,
afd4073b-2f5a-4546-a205-d38755f33f95,starattraction.space,premium,,,70,72,15,,,
50cdf083-59c7-41a5-b66b-5e0990af67a3,races.space,premium,,,60,8,5,,,
a24db828-2007-4ca9-a021-2da6875085cf,cornsugarsyrup.space,premium,,,32,72,16,,,
2f3de3f7-17f5-4b3d-8448-df468fcc9991,Himachali.space,premium,,,34,12,9,,,
5f7c436c-a7a6-4776-b6fe-65352999b7c2,outbuilding.space,premium,,,58,72,11,,,
23bece89-71f3-4734-a46c-d35ea5fbbc85,soles.space,premium,,,,36,5,,,
a5103a3e-0fca-41c9-8b9d-fd9d1833251a,souvenir.space,premium,,,84,80,8,,,
698d13b3-1860-4f47-83ae-75939a44ea01,amethyst.space,premium,,,58,22,8,,,
712c56f1-80e5-4f3d-bbde-9d4d9c5c71e0,alder.space,premium,,,54,88,5,,,
e508ce76-7a0f-44ba-a726-6f4180b49ae5,accountants.space,premium,,,46,16,11,,,
ab2afba6-af1d-4d6e-80a3-bd9fca75b1d0,beltwise.space,premium,,,44,72,8,,,
d5f10eca-ee1b-4503-91d7-458af3480a2e,mineralmakeup.space,premium,,,66,20,14,,,
6246169b-71b3-4316-acf6-46827e324f8e,rumbaba.space,premium,,,64,72,8,,,
d6923a4e-d4dd-4a83-b87d-b2d8d99aa199,tiger.space,premium,,,66,84,5,,,
2e4a9988-e066-478f-be2f-bb58cb1e9fda,gocommit.space,premium,,,46,16,9,,,
dd17e015-85b1-49a0-b501-1e6dd5357c33,greatpower.space,premium,,,62,76,11,,,
dab50a06-bef8-4fa2-a579-665edf96fc05,compulsive.space,premium,,,77,72,10,,,
c6b0ad6d-6840-48c4-87da-9f0c34f29e94,Irishsunglasses.space,premium,,,62,4,16,,,
f4b24634-84f4-4d22-9873-bb8924dba7ce,relenting.space,premium,,,66,72,9,,,
5c69e349-527b-49d8-9f35-47e7caeffbb0,closetspeculation.space,premium,,,40,4,18,,,
056f0fef-92f6-44fe-9545-1e2aea338408,closetohome.space,premium,,,60,6,13,,,
21d43bd6-15eb-49c6-87d0-e776923ab2ab,freeconvection.space,premium,,,54,72,15,,,
64165f85-98d7-47ad-ac60-5ec20a2b1241,goodie.space,premium,,,88,76,6,,,
65f207ac-0424-481b-b357-9ee2cc6f568f,responsiveness.space,premium,,,,72,14,,,
03dc236c-f7b4-4324-b38c-a020f11260e0,Europeananchovy.space,premium,,,54,72,16,,,
322b4be6-c291-47a6-a21b-843fe3675995,doublegreatprimer.space,premium,,,62,72,19,,,
eb0bb13c-c160-4529-94e3-22aff960ce21,bushlot.space,premium,,,34,8,8,,,
3782defd-27b3-4164-9f0f-4815f0d73e02,UPenn.space,premium,,,60,84,5,,,
4c5e9099-51ed-4b66-b017-5bf9a8479f8f,eco.space,premium,,,66,92,3,,,
4f249e41-d706-49f7-beb7-a7f53891cd01,nailing.space,premium,,,58,68,7,,,
c8a61a6a-35ce-45fe-a7c2-dfbc6fe90615,soundpost.space,premium,,,54,68,10,,,
fed875c8-5432-458f-a833-b61e1fb2c36d,splashing.space,premium,,,58,80,9,,,
4cbaf567-25bc-4ac3-962c-c5030d33e49e,marshmallowfluff.space,premium,,,62,12,17,,,
5db8c350-0a6d-427a-9411-a013fdd87c4b,tapestry.space,premium,325,1300,86,88,8,namecheap,,
b8bee7d7-a4d6-4bac-b691-8234999e174d,bowtie.space,premium,,,68,84,7,,,
7f905867-fcdf-4f68-963e-49939eef2747,Aruban.space,premium,,,80,72,6,,,
c74fa92b-c421-4d9a-93e8-7e6a75496584,MexicoBeach.space,premium,,,52,80,12,,,
80fcad5b-e8bf-411b-9259-fcd04092f06c,widen.space,premium,,,68,9,5,,,
8fcb00f7-dd7a-4e2f-8993-ac9ed8aaf7c7,appropriate.space,premium,,,76,76,11,,,
df70098f-bd2e-48b8-a1ba-58d2fea3c1ce,blingout.space,premium,,,66,16,9,,,
ec3faa1b-b078-42b2-a92e-e9d003c48a56,vent.space,premium,,,62,18,4,,,
9dfcf461-0e30-408f-8407-6dad91711ce3,hiton.space,premium,,,66,88,6,,,
3af96492-1909-4e94-8e6f-23502cff65b9,labeller.space,premium,,,52,76,8,,,
e7587b7b-3520-4163-b0a0-a92866d0d848,grayasexual.space,premium,,,48,72,12,,,
e1291456-1d74-4c1d-8b33-cfd7eba57803,steadied.space,premium,,,50,76,8,,,
7fe8f713-571d-467f-b489-b92acb6e7fdc,activates.space,premium,,,36,20,9,,,
522ebdf2-5d18-4b5b-82c6-98889c4c4aa0,Whately.space,premium,,,54,76,7,,,
a434f9c1-76ae-41d7-85aa-cf55e056b429,wheatflake.space,premium,,,54,72,10,,,
9acb3b96-f0da-4dfa-b366-f0153c5bbee8,finialled.space,premium,,,54,4,9,,,
9f4ddfc1-6c24-493b-8074-327b95b6d153,camden.space,premium,,,56,76,6,,,
305f9999-0716-4ede-8418-8de51245aad1,fulla.space,premium,,,62,76,5,,,
ef13bb55-6eb7-4841-a7b1-3d82a740656d,bling.space,premium,,,68,92,5,,,
c9b9e882-489b-4b42-9d25-a2fb2d3bae76,official.space,premium,,,82,27,8,,,
14adf150-633b-46d4-9021-d5d278a9c3ca,continuousvariable.space,premium,,,54,72,19,,,
7885bb1b-371c-405d-8e03-4734913b25d2,bowdiddley.space,premium,,,62,72,11,,,
72c71467-1f66-40b2-8f75-b3642157184f,scripture.space,premium,,,64,84,9,,,
0f036ec3-43b9-4cca-9c6a-60f70dc637fb,prescribed.space,premium,,,48,80,10,,,
8048c99d-9802-4d62-9fb2-9a0e9d7909f9,Stenhousemuir.space,premium,,,48,72,13,,,
8142af46-c20c-4649-b5e1-0f98ce36efbc,nutmilk.space,premium,,,,76,8,,,
a15f1291-c494-4443-8bb9-cc1a57219fe3,secularity.space,premium,,,,20,10,,,
9902c17d-4caf-46c8-9d3e-045befcda081,newfallen.space,premium,,,,72,10,,,
7a74a8a8-b0eb-4bcf-a2fb-a87a9c851dd2,giveitup.space,premium,,,70,12,10,,,
30e2f11e-7980-4fe1-8dc4-b445a7f03783,Stechford.space,premium,,,48,72,9,,,
61ce4817-3840-4d42-8451-bcda26c46780,fine.space,premium,325,1300,80,29,4,namecheap,,
476d3fd3-ed89-4b2d-bc76-048207e1620e,Trumpian.space,premium,,,72,3,8,,,
e756ae87-35e3-469a-896d-ee1516ffaaf1,rapidtransit.space,premium,,,,80,13,,,
2bc3dd38-ea34-4e09-9f24-14d85398ece8,TasmanSea.space,premium,,,,72,10,,,
b4dc5830-96ea-4470-a2d8-0792d09b6416,rollon.space,premium,,,72,80,7,,,
0100a721-26dd-4fe9-8423-a269cab4d8ec,ecigarette.space,premium,,,60,32,11,,,
0389a7c1-c0e4-4232-b64f-6cc3456edcc6,fiddles.space,premium,,,52,24,7,,,
2030a9df-b82b-4fb1-afa0-1d3101e68eb9,arteriocontractile.space,premium,,,46,4,19,,,
2f3ef48f-3277-4fb7-9254-b136887a1e08,pleasehelpme.space,premium,,,,72,14,,,
37dbd2ab-78a0-4e3f-b549-bad7e650ee98,malcolmx.space,premium,,,70,76,9,,,
857a505b-e6a4-4c4a-a4dc-5cf76ee4cbcf,transmitters.space,premium,,,,16,12,,,
7632d9f6-c4da-4217-9726-b2f69b7e9ebe,reorganize.space,premium,,,62,76,10,,,
3c7e1635-edaa-4519-b8e2-7f3ad299e576,divingscooter.space,premium,,,54,72,14,,,
5602fd73-4fb1-4434-b211-9ee36a1a7bcb,trusteeships.space,premium,,,,4,12,,,
f1d63e5e-31aa-470b-b40e-d9fed64e998d,alternateness.space,premium,,,54,72,13,,,
c744ca0a-d231-4ce0-bbe8-6608518edd7e,Bodo.space,premium,,,68,84,4,,,
d8eaa492-500c-409b-92a6-9548b26f67c9,oxygenmask.space,premium,,,56,72,11,,,
7b93454a-f315-4fe4-ad76-2c6c7ea1aeee,adjustmentaccount.space,premium,,,60,72,18,,,
3a632d50-87eb-48bb-8bb9-82278cec8609,symbolically.space,premium,,,48,76,12,,,
793ef93c-01dd-4e7f-8b11-5bf262d07b45,Charlottean.space,premium,,,56,72,11,,,
73016ad8-fbb8-402f-83e1-03a0d1b8dcda,bawdily.space,premium,,,49,72,7,,,
a95f7ef9-0858-466b-ae02-52f72a6875a8,acousticguitar.space,premium,,,66,76,15,,,
a232719c-e500-4f71-9f49-5c0353083915,inveteration.space,premium,,,50,4,12,,,
8f038d01-beca-417d-9ba8-1d859dccf313,lightupon.space,premium,,,68,2,10,,,
b94232c6-c6a6-4565-be77-f00ff3fd745a,Frankfurtkitchen.space,premium,,,60,72,17,,,
c2647256-1784-4d4e-9421-5f49f9d75cad,proteome.space,premium,,,64,80,8,,,
88cef0ce-722d-4b2a-8d93-bbb354741d40,truecolors.space,premium,,,,84,11,,,
cc4e0a4d-7c4a-4cb1-aafc-b4213091580a,saffron.space,premium,,,64,88,7,,,
176d45d1-1fe7-4e52-8728-87edb7c10259,KlalYisrael.space,premium,,,48,72,12,,,
7f809836-5d30-4d94-a623-cd17364fe20f,Stephenie.space,premium,,,48,72,9,,,
1ccb9524-3844-458b-8f05-6f35b38c4997,iconology.space,premium,,,62,80,9,,,
15e5cc1f-1f4c-4135-b3ae-229a4e42d776,creamoflime.space,premium,,,54,72,13,,,
aab29f81-acaf-4f47-bf4e-010ffb7fa492,northeasterly.space,premium,,,70,72,13,,,
b1b2e68f-b5e5-4d3d-8637-5a47a327f694,operatingsystem.space,premium,,,74,6,16,,,
675ba01d-a0d5-4e5c-952b-620da1915d28,okayer.space,premium,,,58,72,6,,,
bcfae70e-6c07-4e4e-9eed-8626af5d16f4,antiacid.space,premium,,,70,1,8,,,
b107b218-73fa-43bc-afee-583b48dac2c0,Bostonbrahmin.space,premium,,,54,72,14,,,
7cf2e269-6e62-4387-a5c8-8e7758eb83ea,comicrelief.space,premium,,,76,5,12,,,
10720c5a-6914-40e3-b2dc-73db7e21bb8a,baserunner.space,premium,,,66,76,11,,,
492507b6-ea43-49e3-97b6-6d6d62568865,prevails.space,premium,,,,72,8,,,
5140ed6a-a9e8-4a52-8505-9da706286d3a,appropriateness.space,premium,,,64,8,15,,,
ce2b8a6c-46ca-4180-924a-70fff72affe1,blackonblack.space,premium,,,52,80,14,,,
a86acd48-1ba3-47d4-b0ef-2d84d31be6c9,kayaker.space,premium,,,62,76,7,,,
2b92e2e1-c0ed-46c1-9a0e-b5c0eb6a64f0,actoffaith.space,premium,,,64,72,12,,,
ba8881f7-1bb2-43a9-a1a3-a813eca7931d,naismith.space,premium,,,59,76,8,,,
4d01e695-4ab8-4f5c-a68b-918471e7ccc3,dualfrequency.space,premium,,,50,72,14,,,
51b4a332-ad10-4f5b-8742-b20ed257f65b,ironpaper.space,premium,,,36,76,10,,,
4bd32294-6c66-4dc9-b90b-67171a547ff6,frequencyanalysis.space,premium,,,36,72,18,,,
bdf0168c-c5c5-49b2-bb22-fc3fd96aa269,ixc.space,premium,,,52,6,3,,,
041591e3-3f87-46c1-accf-9e94e333866a,Salamis.space,premium,,,62,76,7,,,
080ecb49-6ff9-4ba1-b992-3229e070ee14,operated.space,premium,,,64,3,8,,,
826b09d0-a64f-41c3-a7d3-b284313d8153,traditionality.space,premium,,,,8,14,,,
52b4354e-2f19-44d5-b8c0-889106efc420,wateryam.space,premium,,,59,72,9,,,
18cfe200-178a-4c53-8a8e-870b671a04cf,particles.space,premium,,,,10,9,,,
6dc433d4-babb-48a9-8131-31fb6d052d0f,JackRussell.space,premium,,,74,80,12,,,
3f265dcc-71fb-4791-aca1-9d6e3c021205,Stainsacre.space,premium,,,48,72,10,,,
5accbff4-f4bb-410d-a7fd-fbfb2360ab3b,fusedgrid.space,premium,,,46,8,10,,,
f8016f48-b068-46d8-9581-8dda39e54bcb,carburettor.space,premium,,,58,72,11,,,
3f23510b-e549-469b-8bb7-776058fecf5e,allonasudden.space,premium,,,56,72,15,,,
3dac4f59-97cf-4beb-94b0-e1a65dcb9f3f,larded.space,premium,,,54,72,6,,,
21f44423-306c-4ce7-abc4-57195c6196ab,physicking.space,premium,,,54,72,10,,,
f35620f6-433f-44dc-90c6-b61be498abff,WestMarkham.space,premium,,,,72,12,,,
efc8d342-95c1-4671-ae21-8ae8b1a371e5,laid.space,premium,,,66,4,4,,,
f21c6964-b05f-4d13-beff-5aa734ab6ed3,temporary.space,premium,,,78,17,9,,,
e7fef2ca-fc77-4bbc-b5b6-52e65ddcb341,foreverhome.space,premium,,,66,80,12,,,
cf117479-4e53-4d58-b24a-4faa2e07b219,middledot.space,premium,,,58,72,10,,,
9b77eb2c-d02d-45b0-aeed-5c4e692f34e5,baseplayer.space,premium,,,38,76,11,,,
cd04b57d-cd7d-4381-a5c3-a02abb1e9157,keepthefield.space,premium,,,60,72,14,,,
307e9365-ca93-4026-9490-411e42d429f4,JulyMonarchy.space,premium,,,48,72,13,,,
7f8f3d58-06f2-457d-a014-e4f4fefafa5c,reticulum.space,premium,,,58,84,9,,,
e71d0c20-58ea-424a-8c08-60365beecb2c,catchthelight.space,premium,,,66,76,15,,,
5463254f-2c09-498a-844d-d4d32a5b7586,Friedrichshafen.space,premium,,,48,68,15,,,
7cfa58de-3297-492d-8379-e9446a1f876b,phscale.space,premium,,,60,72,8,,,
8a45bb89-40d7-412a-be1b-90d580a59ae8,mwahhaha.space,premium,,,,8,10,,,
a0c07c79-c12e-480a-a1ec-107df300d36e,fastbuck.space,premium,,,52,72,9,,,
96628fce-9012-495b-80f6-7df1d571c005,ziptie.space,premium,,,82,84,7,,,
72a655df-1e97-4738-8933-8202e3909b43,carbonisation.space,premium,,,50,8,13,,,
c9a193bf-537b-4517-b80a-408ae1eb9d04,cheroot.space,premium,,,60,72,7,,,
197ea79c-a7a4-444f-9e11-5af2460c6bbc,superblily.space,premium,,,60,72,11,,,
2c5cc48e-c8fd-43be-b1ad-d01d17337375,articles.space,premium,,,64,88,8,,,
b0651776-9123-4be0-847c-306f05e807c4,interordinal.space,premium,,,52,76,12,,,
a4959bb7-8c2c-4ebf-bd8c-c4589416383d,roadcompany.space,premium,,,56,76,12,,,
4a1b75ec-28ab-4b95-ac36-dca1ff9ff846,CapePeninsula.space,premium,,,46,8,14,,,
0119423b-213f-4898-ba35-69b9a4adafe0,enacting.space,premium,,,58,72,8,,,
079b2c4b-3ef5-43a8-8007-8f70f8fc5c7e,DickersonCity.space,premium,,,36,76,14,,,
fa212b87-502e-4cfc-ac83-d3656ca24236,browsers.space,premium,,,46,44,8,,,
6c74a155-654f-4b96-b45f-809688d45d07,KingstonPark.space,premium,,,60,12,13,,,
64956784-4f66-4459-9f42-b8da611d4eb9,repeatable.space,premium,,,52,84,10,,,
8920504c-3bb1-4a5a-855b-d83cad6a77b1,parametric.space,resell,,,68,80,10,OVH,12/09/2024 05:31,12/09/2025 23:59
3452bb44-e02f-48e9-a2e5-a8ba95f48b32,couchlock.space,premium,,,56,84,10,,,
44690ad5-d057-4148-a7ae-f749c7ffd375,creditors.space,premium,,,46,5,9,,,
4076f8cf-02e2-48ef-bdf0-40352779ef3b,storable.space,premium,,,70,84,8,,,
432be473-7720-41b1-aa73-05b3460ba38d,marinade.space,premium,,,84,80,8,,,
e4835c9c-c9d0-4cd9-b6b6-e7570c32b2c3,Chinesebellflower.space,premium,,,62,72,18,,,
c8178c95-9b09-4385-8c94-b920e0e6e020,Chinesefederalism.space,premium,,,44,72,18,,,
31d162a7-aa1c-4323-a69f-28d7ff7fc7f2,costofbusiness.space,premium,,,48,1,16,,,
1175b0aa-f8ac-44b8-b840-64619f6925d6,knightservice.space,premium,,,54,72,14,,,
b5781764-7a9a-4ade-910e-171bb90a0653,deepwell.space,premium,,,48,80,9,,,
34b36731-f77f-422d-a637-04607b614857,talkup.space,premium,,,,80,7,,,
d20a53a2-7a8f-44d2-89af-2f2694c65ce7,mistsoftime.space,premium,,,58,72,13,,,
9fb1dd30-6657-4bc6-af68-cab8c13fe982,luminously.space,premium,,,52,76,10,,,
36ad28de-0ef9-4fb6-bf46-6add6341733d,hearkening.space,premium,,,52,72,10,,,
8be9854f-26c2-489d-a82b-2b6e5a88e5e1,cigar.space,premium,,,62,84,5,,,
3c199817-c895-463d-952c-ab3d9b77b4b2,vienna.space,premium,,,60,84,6,,,
a43ffefe-2ce6-438d-a6fa-b8488ee86c34,normallywhite.space,premium,,,,11,14,,,
9f718d0d-7f7d-4335-a893-efd8a82609ab,impassioned.space,premium,,,60,72,11,,,
33fc50aa-7cb7-4bf4-a44f-9a487a22d1a8,inspades.space,premium,,,54,72,9,,,
79b1ceac-2b2a-4826-8f38-76bc7952c352,antepartum.space,premium,,,70,1,10,,,
9bcd97c8-fb5d-443f-9c9b-c00e13bbc0da,inthat.space,premium,,,60,2,7,,,
81a0c1fe-9fa5-4d8e-b472-ddd8eb8c9de8,Europeanhares.space,premium,,,40,4,14,,,
126020d7-3960-4555-8848-7123986bf691,syllogizer.space,premium,,,52,72,10,,,
942bdbfc-b687-4ef8-88d8-56a2dd26c7a2,dundundun.space,premium,,,58,72,11,,,
251b0f18-3b69-4e69-9a67-56cc9fb9471f,crumpling.space,premium,,,52,72,9,,,
187cf27d-ba68-4d28-9ff9-770adbf03da3,WPC.space,premium,,,70,80,3,,,
5f849dca-e54b-49e6-91ba-e2fabc3e889e,chiffonpie.space,premium,,,66,72,11,,,
b42fb638-4c01-4bfc-94d5-5c4cac91e4b6,rna.space,premium,,,70,88,3,,,
f273abf6-79cd-4024-a769-55a120c6f074,unbartered.space,premium,,,,72,10,,,
686c9761-e885-4c3b-98ba-a89aaeb8ef88,goodyear.space,premium,,,58,92,8,,,
6a12e146-b9ac-4431-9464-fa9a4bba90c2,lightbob.space,premium,,,60,72,9,,,
f9fb749c-bb86-4a80-8ec1-e87d3d3dbea8,repackage.space,premium,,,64,76,9,,,
ab67be0d-16e4-4d6e-937e-a82326b2c80d,sidescrolling.space,premium,,,,72,14,,,
d2f6210c-7fe3-4101-99bf-0e87a2dad826,NWAV.space,premium,,,50,72,4,,,
552fe661-f9db-4ecb-a9da-3d15a720c919,resuscitator.space,premium,,,52,72,12,,,
17be8795-8533-4b28-9b27-b7fda838e851,tucked.space,premium,,,62,68,6,,,
134956c3-ab6b-4ef0-bdf9-662aebb1e3da,compressionwave.space,premium,,,54,72,16,,,
98defc5f-1cd6-4c11-a0a5-492bf655f893,financialregulation.space,premium,,,42,72,20,,,
43fa56cd-9ac8-4e0b-987f-ca5265ed2158,supercomputing.space,premium,,,,48,14,,,
7acaa8f0-5e19-453c-a1e0-68c5b7808107,SaintDenis.space,premium,,,44,72,11,,,
75492d5d-ec55-4427-a29b-e2da75c1316f,Frankenstein.space,premium,,,82,80,12,,,
5631dc56-1185-459f-a635-06eae2070eb3,prudential.space,premium,,,83,84,10,,,
8eadf601-707b-40f2-81d4-4134dca1b671,cabincar.space,premium,,,52,72,9,,,
5ebe1cbb-2a67-42b1-9a02-f51ac5a2de27,boxstair.space,premium,,,38,72,9,,,
8dea4f06-f733-4eea-a5b2-513caf96152e,angola.space,premium,,,70,88,6,,,
c2461d51-1168-47ef-883b-afff6d53a1a7,rainyday.space,premium,,,54,92,9,,,
06f44aa2-7117-4baa-9d4f-c1bbe1eb90eb,wheatflour.space,premium,,,,72,11,,,
19afe84b-257b-4634-b140-f2bab045e21e,confit.space,premium,,,94,76,6,,,
576801ad-2dea-41e5-a04c-46b4d4b1e751,roadhouse.space,premium,,,54,80,9,,,
c57db325-0a4b-4df3-9cab-9b431b310636,tablewine.space,premium,,,,68,10,,,
a3388d03-07e6-42e5-9a8a-b20914d45fb0,microscale.space,premium,,,74,76,10,,,
380a05ca-88dd-4fdf-88eb-f0b416150edd,speakers.space,premium,,,,12,8,,,
ed3bd4f2-6db3-4c30-97d7-4f6bd0b78344,pHindicator.space,premium,,,58,72,12,,,
3ba875a7-eec0-482f-91c7-3eaa272fbb83,watercolours.space,premium,,,,20,12,,,